weibull_shape,rho,horizon,model,MAE_history,MAE_rich,rich_improvement
2.0,0.3,short,Linear Regression,0.1507466686201061,0.1507348908098005,7.812982146426783e-05
2.0,0.3,short,Decision Tree,0.1507188628313995,0.1506760734668538,0.00028390185370219534
2.0,0.3,short,Random Forest,0.1506291189000153,0.1505812802957095,0.00031759200780789865
2.0,0.3,short,Naive (persistence),0.1475580232643617,0.1475580232643617,0.0
2.0,0.3,medium,Linear Regression,0.151127395334513,0.1511367373995678,-6.18158278591352e-05
2.0,0.3,medium,Decision Tree,0.1511851286513289,0.15120070533565,-0.00010303053256666139
2.0,0.3,medium,Random Forest,0.1509965640877494,0.1509366787333002,0.0003966007757262302
2.0,0.3,medium,Naive (persistence),0.1521597392967261,0.1521597392967261,0.0
2.0,0.3,long,Linear Regression,0.1509740111843645,0.1509623265267431,7.73951591385158e-05
2.0,0.3,long,Decision Tree,0.1509662991755881,0.1510814352543294,-0.0007626608015831593
2.0,0.3,long,Random Forest,0.1510646413520497,0.1510972715594762,-0.00021600162112367371
2.0,0.3,long,Naive (persistence),0.1537442309224997,0.1537442309224997,0.0
2.0,0.3,extra_long,Linear Regression,0.1509191930018994,0.1509128666046438,4.191910339401694e-05
2.0,0.3,extra_long,Decision Tree,0.1509275122839897,0.150956266608455,-0.0001905174479466254
2.0,0.3,extra_long,Random Forest,0.1508212701838991,0.1508039932041145,0.00011455267392679325
2.0,0.3,extra_long,Naive (persistence),0.1529094852163866,0.1529094852163866,0.0
2.0,0.5,short,Linear Regression,0.4782692841676668,0.4781590051148717,0.00023057941717297137
2.0,0.5,short,Decision Tree,0.4781785021343847,0.4778139914387423,0.000762290010979827
2.0,0.5,short,Random Forest,0.4776976998686785,0.4775781927175808,0.00025017317674036477
2.0,0.5,short,Naive (persistence),0.4603973646130537,0.4603973646130537,0.0
2.0,0.5,medium,Linear Regression,0.5021680254733671,0.5021555703445733,2.480271176596993e-05
2.0,0.5,medium,Decision Tree,0.5015690836909739,0.5015780744712315,-1.7925307898680742e-05
2.0,0.5,medium,Random Forest,0.5012636580085964,0.5010636576826902,0.0003989922722519301
2.0,0.5,medium,Naive (persistence),0.5186876682938253,0.5186876682938253,0.0
2.0,0.5,long,Linear Regression,0.504810316179759,0.5048192916472007,-1.7779881183122015e-05
2.0,0.5,long,Decision Tree,0.5048824318817017,0.5048183227484232,0.00012697834036246025
2.0,0.5,long,Random Forest,0.5048203489807189,0.504744493698402,0.00015026193470624172
2.0,0.5,long,Naive (persistence),0.538906398126586,0.538906398126586,0.0
2.0,0.5,extra_long,Linear Regression,0.5043164344150612,0.5043319018660335,-3.067013072888258e-05
2.0,0.5,extra_long,Decision Tree,0.5042125705690703,0.5041514520361372,0.00012121580559587564
2.0,0.5,extra_long,Random Forest,0.5042392260874037,0.5040532797239246,0.0003687661607010284
2.0,0.5,extra_long,Naive (persistence),0.5338063395778124,0.5338063395778124,0.0
2.0,0.7,short,Linear Regression,0.9855877442466544,0.9832527548248128,0.0023691339867729644
2.0,0.7,short,Decision Tree,0.9819374049149716,0.9808077468258742,0.0011504379845833634
2.0,0.7,short,Random Forest,0.9816547198595538,0.9806203347574094,0.0010537158139395375
2.0,0.7,short,Naive (persistence),0.9600394935737512,0.9600394935737512,0.0
2.0,0.7,medium,Linear Regression,1.1490824951596106,1.1431708041951547,0.005144705440521702
2.0,0.7,medium,Decision Tree,1.128659542992358,1.129854667457462,-0.0010588883711872832
2.0,0.7,medium,Random Forest,1.1287148008376306,1.1290707367444974,-0.0003153461854159545
2.0,0.7,medium,Naive (persistence),1.2050033875455035,1.2050033875455035,0.0
2.0,0.7,long,Linear Regression,1.2163325415835184,1.2129266893950417,0.0028000995386038285
2.0,0.7,long,Decision Tree,1.2016678020811706,1.2023146451644549,-0.0005382877715154333
2.0,0.7,long,Random Forest,1.2016253373459704,1.2014692896842896,0.00012986382429780452
2.0,0.7,long,Naive (persistence),1.3945294234793302,1.3945294234793302,0.0
2.0,0.7,extra_long,Linear Regression,1.200478652470244,1.195452968557729,0.004186400068150742
2.0,0.7,extra_long,Decision Tree,1.1822336387287475,1.1822813704715096,-4.0374204555160276e-05
2.0,0.7,extra_long,Random Forest,1.1814321162049448,1.1814247775473814,6.2116624922614605e-06
2.0,0.7,extra_long,Naive (persistence),1.3265837537987704,1.3265837537987704,0.0
2.0,0.8,short,Linear Regression,1.3025514722772455,1.2917062529010148,0.008326134979733335
2.0,0.8,short,Decision Tree,1.2763399558364346,1.2776230741076158,-0.0010053107444563114
2.0,0.8,short,Random Forest,1.2761464787361896,1.276692630056114,-0.000427969146978624
2.0,0.8,short,Naive (persistence),1.28578927289322,1.28578927289322,0.0
2.0,0.8,medium,Linear Regression,1.6123569079595388,1.598401299512505,0.008655408971884992
2.0,0.8,medium,Decision Tree,1.5716821602560755,1.5717806511745729,-6.266592634807111e-05
2.0,0.8,medium,Random Forest,1.571025351107807,1.5707899183958756,0.00014985926978539066
2.0,0.8,medium,Naive (persistence),1.6712934640344628,1.6712934640344628,0.0
2.0,0.8,long,Linear Regression,1.873125543607305,1.8664660441226344,0.0035552873150432873
2.0,0.8,long,Decision Tree,1.8464502750268128,1.8466479576615025,-0.00010706090348788777
2.0,0.8,long,Random Forest,1.845166090739361,1.8452408373954403,-4.0509445981218306e-05
2.0,0.8,long,Naive (persistence),2.065757967747316,2.065757967747316,0.0
2.0,0.8,extra_long,Linear Regression,1.7679331769688766,1.7642943415366628,0.0020582426302179213
2.0,0.8,extra_long,Decision Tree,1.741316266313594,1.741394404662861,-4.487315186718632e-05
2.0,0.8,extra_long,Random Forest,1.741018144799242,1.740765318039596,0.00014521776260700836
2.0,0.8,extra_long,Naive (persistence),1.9031631146505328,1.9031631146505328,0.0
2.0,0.9,short,Linear Regression,1.653462507120956,1.641928146395707,0.006975882837121583
2.0,0.9,short,Decision Tree,1.641842042621769,1.6398504571474366,0.001213018927906262
2.0,0.9,short,Random Forest,1.6406420299847504,1.6391861118994615,0.00088740752624894
2.0,0.9,short,Naive (persistence),1.629510916105934,1.629510916105934,0.0
2.0,0.9,medium,Linear Regression,2.220886481239383,2.1992049057546383,0.009762577091578906
2.0,0.9,medium,Decision Tree,2.1834501435984883,2.183261455237894,8.641752647642331e-05
2.0,0.9,medium,Random Forest,2.181708141745692,2.1814697167618227,0.00010928362933027014
2.0,0.9,medium,Naive (persistence),2.2241603912621657,2.2241603912621657,0.0
2.0,0.9,long,Linear Regression,2.9106707256512863,2.8820848952975697,0.009821045747907542
2.0,0.9,long,Decision Tree,2.8441273466957946,2.8446968340940444,-0.00020023273532787655
2.0,0.9,long,Random Forest,2.842522642740473,2.843014972809929,-0.0001732018109736888
2.0,0.9,long,Naive (persistence),2.987539549192074,2.987539549192074,0.0
2.0,0.9,extra_long,Linear Regression,2.609539743269972,2.5882184888067,0.008170503828600406
2.0,0.9,extra_long,Decision Tree,2.554081245460042,2.554700942069995,-0.00024262995198531812
2.0,0.9,extra_long,Random Forest,2.5535225548989144,2.553528637888712,-2.382195444461388e-06
2.0,0.9,extra_long,Naive (persistence),2.653725993910301,2.653725993910301,0.0
2.0,0.95,short,Linear Regression,1.7986366262851203,1.79502786709948,0.0020063859108072624
2.0,0.95,short,Decision Tree,1.8009457304210337,1.798519745989693,0.0013470613746775495
2.0,0.95,short,Random Forest,1.799891541075383,1.7977212394410984,0.0012057957853326418
2.0,0.95,short,Naive (persistence),1.778496658913562,1.778496658913562,0.0
2.0,0.95,medium,Linear Regression,2.47828584239065,2.459610240200369,0.00753569336952109
2.0,0.95,medium,Decision Tree,2.451442460865335,2.4510644575341343,0.00015419628942348051
2.0,0.95,medium,Random Forest,2.4507751290128037,2.450838924910488,-2.603090627495419e-05
2.0,0.95,medium,Naive (persistence),2.4735513214240767,2.4735513214240767,0.0
2.0,0.95,long,Linear Regression,3.3373443047643447,3.3071133065326017,0.009058399574951137
2.0,0.95,long,Decision Tree,3.2734471485159125,3.2738482420184054,-0.00012252939616730352
2.0,0.95,long,Random Forest,3.2720381267330048,3.272161215282862,-3.761831161175344e-05
2.0,0.95,long,Naive (persistence),3.383399889278613,3.383399889278613,0.0
2.0,0.95,extra_long,Linear Regression,2.9632319500985447,2.9346546496528347,0.009643963390972288
2.0,0.95,extra_long,Decision Tree,2.91483813249319,2.9149392151277573,-3.4678644224017674e-05
2.0,0.95,extra_long,Random Forest,2.912953071702567,2.9130718383620446,-4.0771909658010586e-05
2.0,0.95,extra_long,Naive (persistence),2.9825343573419314,2.9825343573419314,0.0
0.5,0.3,short,Linear Regression,0.3909441184118518,0.3872019113251886,0.009572230174136664
0.5,0.3,short,Decision Tree,0.3949609870631039,0.3894588861700195,0.013930745246505394
0.5,0.3,short,Random Forest,0.3950005289694963,0.3890921601747003,0.014957875651990027
0.5,0.3,short,Naive (persistence),0.3312181379733173,0.3312181379733173,0.0
0.5,0.3,medium,Linear Regression,0.4994812818334181,0.497930409940147,0.0031049649900360965
0.5,0.3,medium,Decision Tree,0.5010107247300587,0.4994281153414411,0.0031588333552545755
0.5,0.3,medium,Random Forest,0.5010231771053206,0.4993112476141974,0.0034168668623555387
0.5,0.3,medium,Naive (persistence),0.4412887817752726,0.4412887817752726,0.0
0.5,0.3,long,Linear Regression,0.5818211816673919,0.5818533237113871,-5.524385327992931e-05
0.5,0.3,long,Decision Tree,0.5830521845853316,0.5833819837747898,-0.000565642661458865
0.5,0.3,long,Random Forest,0.5825964301273305,0.5826847242056996,-0.00015155272810329912
0.5,0.3,long,Naive (persistence),0.5377133856422479,0.5377133856422479,0.0
0.5,0.3,extra_long,Linear Regression,0.5523323748698088,0.5518043493094608,0.0009559924139382892
0.5,0.3,extra_long,Decision Tree,0.5535360489217572,0.5528408128198932,0.0012559906499646223
0.5,0.3,extra_long,Random Forest,0.5534975762399524,0.5529467361653374,0.0009951987113602234
0.5,0.3,extra_long,Naive (persistence),0.5003617494834627,0.5003617494834627,0.0
0.5,0.5,short,Linear Regression,1.0583602286202425,1.063397880882894,-0.004759865428068055
0.5,0.5,short,Decision Tree,1.0830559922015826,1.0714295733098025,0.010734827170058359
0.5,0.5,short,Random Forest,1.081798657751874,1.070613254433868,0.010339635049326779
0.5,0.5,short,Naive (persistence),0.9621297533428363,0.9621297533428363,0.0
0.5,0.5,medium,Linear Regression,1.42511018118,1.4247476041120062,0.00025442037589940014
0.5,0.5,medium,Decision Tree,1.430280868558662,1.4244595176438049,0.004070075355705249
0.5,0.5,medium,Random Forest,1.429160692196284,1.42453287366294,0.0032381372917780205
0.5,0.5,medium,Naive (persistence),1.3402336222604427,1.3402336222604427,0.0
0.5,0.5,long,Linear Regression,1.7296261155922363,1.7264906736827483,0.001812785943287154
0.5,0.5,long,Decision Tree,1.7151891846694596,1.7214850441389948,-0.003670650168394518
0.5,0.5,long,Random Forest,1.7137908978525431,1.7166125270663888,-0.0016464256038359881
0.5,0.5,long,Naive (persistence),1.734506709049736,1.734506709049736,0.0
0.5,0.5,extra_long,Linear Regression,1.6170999786617977,1.614021645064485,0.0019036136527934566
0.5,0.5,extra_long,Decision Tree,1.609898374002728,1.6074086989080532,0.0015464796628651412
0.5,0.5,extra_long,Random Forest,1.608457291200501,1.6082078795389083,0.00015506265721643153
0.5,0.5,extra_long,Naive (persistence),1.5767228514008944,1.5767228514008944,0.0
0.5,0.7,short,Linear Regression,1.938045492522896,1.9768515978109116,-0.020023320111799192
0.5,0.7,short,Decision Tree,2.003983753933962,1.9887691894647928,0.007592159586774172
0.5,0.7,short,Random Forest,2.0018621095198266,1.9856253739918717,0.008110816149994204
0.5,0.7,short,Naive (persistence),1.880201176828572,1.880201176828572,0.0
0.5,0.7,medium,Linear Regression,2.759154301085264,2.782010435636128,-0.008283746415296278
0.5,0.7,medium,Decision Tree,2.7996921499388585,2.787590758582746,0.004322400716941899
0.5,0.7,medium,Random Forest,2.796096582656787,2.7850070411504,0.003966079560760338
0.5,0.7,medium,Naive (persistence),2.7218585638385795,2.7218585638385795,0.0
0.5,0.7,long,Linear Regression,3.6913604814412055,3.692509055371313,-0.0003111519278278241
0.5,0.7,long,Decision Tree,3.6919495164372016,3.684054682010319,0.0021383917607035174
0.5,0.7,long,Random Forest,3.6869645009699057,3.680910773304487,0.0016419272992257428
0.5,0.7,long,Naive (persistence),3.740537284065803,3.740537284065803,0.0
0.5,0.7,extra_long,Linear Regression,3.289868144133808,3.305375746301252,-0.004713745806225189
0.5,0.7,extra_long,Decision Tree,3.316507219377397,3.3047166378532657,0.0035551201140893163
0.5,0.7,extra_long,Random Forest,3.311905894986763,3.3036210874848897,0.0025015226170568283
0.5,0.7,extra_long,Naive (persistence),3.3005951803223788,3.3005951803223788,0.0
0.5,0.8,short,Linear Regression,2.570483774697115,2.5979547991390177,-0.010687102837340312
0.5,0.8,short,Decision Tree,2.6560952579886936,2.6427455304603726,0.0050260725733269895
0.5,0.8,short,Random Forest,2.646393240741669,2.631524788547475,0.005618383528680382
0.5,0.8,short,Naive (persistence),2.5232216441468154,2.5232216441468154,0.0
0.5,0.8,medium,Linear Regression,3.7049373068296254,3.72339789529076,-0.0049826992826855765
0.5,0.8,medium,Decision Tree,3.78238566050284,3.770689991842725,0.003092140704277213
0.5,0.8,medium,Random Forest,3.7748140635853855,3.7653726182717735,0.0025011683104317894
0.5,0.8,medium,Naive (persistence),3.670337958532474,3.670337958532474,0.0
0.5,0.8,long,Linear Regression,5.191736945541877,5.191807914191729,-1.3669538845295648e-05
0.5,0.8,long,Decision Tree,5.224006143696341,5.216522768654819,0.0014324973661357099
0.5,0.8,long,Random Forest,5.218018944553241,5.213553389415676,0.0008557951178437273
0.5,0.8,long,Naive (persistence),5.2298527169901,5.2298527169901,0.0
0.5,0.8,extra_long,Linear Regression,4.522873864979635,4.536128812910995,-0.002930647266993658
0.5,0.8,extra_long,Decision Tree,4.5813315982466944,4.574356357636204,0.0015225356342160046
0.5,0.8,extra_long,Random Forest,4.5762784652905095,4.566988902291702,0.0020299383154380735
0.5,0.8,extra_long,Naive (persistence),4.525613723797171,4.525613723797171,0.0
0.5,0.9,short,Linear Regression,3.140058156914965,3.1631903598364333,-0.007366807162640265
0.5,0.9,short,Decision Tree,3.2260708300243564,3.2211375980701,0.0015291765786243916
0.5,0.9,short,Random Forest,3.208447728082315,3.1956123934447183,0.004000481143966894
0.5,0.9,short,Naive (persistence),3.126560860408575,3.126560860408575,0.0
0.5,0.9,medium,Linear Regression,4.636208718349112,4.65144728746726,-0.003286860028073546
0.5,0.9,medium,Decision Tree,4.69649560500792,4.694349341177462,0.000456992619809804
0.5,0.9,medium,Random Forest,4.679504037112047,4.672332885852791,0.0015324596799967116
0.5,0.9,medium,Naive (persistence),4.633871508635879,4.633871508635879,0.0
0.5,0.9,long,Linear Regression,6.639985329959069,6.649852888454738,-0.0014860813699613118
0.5,0.9,long,Decision Tree,6.67438906531522,6.669026305329496,0.0008034832751349086
0.5,0.9,long,Random Forest,6.663358982545733,6.653037042614903,0.0015490595595807344
0.5,0.9,long,Naive (persistence),6.689155200533496,6.689155200533496,0.0
0.5,0.9,extra_long,Linear Regression,5.736873518597566,5.747035611693597,-0.0017713643264205547
0.5,0.9,extra_long,Decision Tree,5.781200223897042,5.773338535217578,0.0013598713718594446
0.5,0.9,extra_long,Random Forest,5.770040769388051,5.756862492094135,0.0022839140693478033
0.5,0.9,extra_long,Naive (persistence),5.758149408181952,5.758149408181952,0.0
0.5,0.95,short,Linear Regression,3.4453709579200336,3.4540346047216888,-0.002514575907055727
0.5,0.95,short,Decision Tree,3.705198116331772,3.705198116331772,0.0
0.5,0.95,short,Random Forest,3.585068531543618,3.584948434068486,3.3499352683374894e-05
0.5,0.95,short,Naive (persistence),3.4389863815574357,3.4389863815574357,0.0
0.5,0.95,medium,Linear Regression,5.107875770128404,5.112100069897628,-0.0008270169360673485
0.5,0.95,medium,Decision Tree,5.282502712080692,5.282502712080692,0.0
0.5,0.95,medium,Random Forest,5.201629353818196,5.201984709129656,-6.83161538987953e-05
0.5,0.95,medium,Naive (persistence),5.104181168639231,5.104181168639231,0.0
0.5,0.95,long,Linear Regression,7.477346832074223,7.468544190901826,0.0011772412554994505
0.5,0.95,long,Decision Tree,7.588551145448205,7.586075897769396,0.00032618185360644425
0.5,0.95,long,Random Forest,7.537816773542192,7.537215561826537,7.975939635007645e-05
0.5,0.95,long,Naive (persistence),7.484672548662102,7.484672548662102,0.0
0.5,0.95,extra_long,Linear Regression,6.380146941396923,6.379227361850023,0.00014413140564728533
0.5,0.95,extra_long,Decision Tree,6.526919901134335,6.529451802086191,-0.0003879166575058157
0.5,0.95,extra_long,Random Forest,6.456717156420853,6.459842396353865,-0.00048402924540447145
0.5,0.95,extra_long,Naive (persistence),6.381015240842519,6.381015240842519,0.0
