arrival_erlang_k,service_erlang_k,rho,horizon,model,MAE_history,MAE_std_history,MAE_rich,MAE_std_rich,rich_improvement
2,2,0.3,short,Linear Regression,0.0758328369163668,0.0016362998327901,0.0758361158157388,0.0016248227703982,-4.323851652321409e-05
2,2,0.3,short,Decision Tree,0.0758270287781355,0.0016941992481667,0.0758624301771887,0.0015681945416495,-0.0004668704500709886
2,2,0.3,short,Random Forest,0.0757821835614311,0.0016461193209263,0.0757935534363791,0.0015769307494954,-0.00015003361494314582
2,2,0.3,short,Naive (persistence),0.0729308075334202,0.0027218514286131,0.0729308075334202,0.0027218514286131,0.0
2,2,0.3,medium,Linear Regression,0.0760363690052184,0.001619189306894,0.0760397271437703,0.0016061945116988,-4.416489892711262e-05
2,2,0.3,medium,Decision Tree,0.0759904056957301,0.001610050076703,0.0760910538245543,0.0015389254639516,-0.0013244846885962502
2,2,0.3,medium,Random Forest,0.0759343298677474,0.0016539318281684,0.075984076769983,0.0015961160864812,-0.0006551305887896319
2,2,0.3,medium,Naive (persistence),0.0748343738667354,0.0030076928131034,0.0748343738667354,0.0030076928131034,0.0
2,2,0.3,long,Linear Regression,0.0758369237307092,0.0015111798818949,0.0758394344946905,0.0014939396038136,-3.3107408077492906e-05
2,2,0.3,long,Decision Tree,0.0758243873660262,0.0015191594343514,0.0758075925188848,0.00150413761975,0.00022149664144766046
2,2,0.3,long,Random Forest,0.075792317460896,0.0015177852309881,0.0757645555354656,0.0014952043745197,0.00036628943883032505
2,2,0.3,long,Naive (persistence),0.0750163129572156,0.0030605609021985,0.0750163129572156,0.0030605609021985,0.0
2,2,0.3,extra_long,Linear Regression,0.0759582550479672,0.0014320805670385,0.0759595276302337,0.0014132438214214,-1.6753705909700045e-05
2,2,0.3,extra_long,Decision Tree,0.075947973274853,0.0014263326762187,0.075979170094973,0.001382629091631,-0.000410765669902613
2,2,0.3,extra_long,Random Forest,0.0760435591530565,0.0014410196125835,0.0760511223932009,0.0013839694270681,-9.945931290755716e-05
2,2,0.3,extra_long,Naive (persistence),0.0749856143166396,0.00297884492916,0.0749856143166396,0.00297884492916,0.0
2,2,0.5,short,Linear Regression,0.3241370493501196,0.0101957341470264,0.3240981338925842,0.01021738724981,0.00012005865300945828
2,2,0.5,short,Decision Tree,0.3239291677180641,0.0093093510091437,0.3239067415453782,0.0094057352485223,6.923171767436731e-05
2,2,0.5,short,Random Forest,0.3237493558966804,0.0093579366387725,0.3236878863780422,0.0094315119790251,0.0001898676167801927
2,2,0.5,short,Naive (persistence),0.3055472047016946,0.013960465677781,0.3055472047016946,0.013960465677781,0.0
2,2,0.5,medium,Linear Regression,0.3356332211729092,0.0102372139587297,0.3355708839076969,0.0102760343329981,0.00018573031893109881
2,2,0.5,medium,Decision Tree,0.3354577673309601,0.0099888215727643,0.3352099684729651,0.0099617569730944,0.0007386886878983923
2,2,0.5,medium,Random Forest,0.3354512173650704,0.0099387682241923,0.3352641769574215,0.010003739716705,0.0005575785627431884
2,2,0.5,medium,Naive (persistence),0.3398824387416971,0.015887341959546,0.3398824387416971,0.015887341959546,0.0
2,2,0.5,long,Linear Regression,0.3365886258349098,0.0100449267545095,0.3365382316024442,0.0100704936928402,0.00014972054489525988
2,2,0.5,long,Decision Tree,0.3366583591824784,0.0100711070651289,0.3365028836843237,0.0099612923334687,0.0004618198060855061
2,2,0.5,long,Random Forest,0.3366902286209547,0.0100902722415416,0.3365708965279689,0.0099980174641913,0.00035442695641807465
2,2,0.5,long,Naive (persistence),0.3515244207879338,0.0184919322715727,0.3515244207879338,0.0184919322715727,0.0
2,2,0.5,extra_long,Linear Regression,0.3365469872694567,0.0101160668720057,0.3364865529475226,0.0101725374684513,0.00017957172169158486
2,2,0.5,extra_long,Decision Tree,0.33656628370786,0.0101124197786083,0.336295535344577,0.0098819355629769,0.0008044429177522794
2,2,0.5,extra_long,Random Forest,0.3365537593365616,0.0100425502073504,0.3365761436678932,0.0099831772334361,-6.651041835237237e-05
2,2,0.5,extra_long,Naive (persistence),0.3494506166959774,0.0198103812174645,0.3494506166959774,0.0198103812174645,0.0
2,2,0.7,short,Linear Regression,0.763851426710793,0.018408289292612,0.7650284919759929,0.017897159490032,-0.0015409610089600623
2,2,0.7,short,Decision Tree,0.7653032362318579,0.0160639429000183,0.7647874777286807,0.0156737579156208,0.0006739269857483077
2,2,0.7,short,Random Forest,0.7649351204209673,0.0156758728121179,0.7645231860298897,0.0156070734634113,0.0005385220002069868
2,2,0.7,short,Naive (persistence),0.7279726655227445,0.015289044689878,0.7279726655227445,0.015289044689878,0.0
2,2,0.7,medium,Linear Regression,0.8672271916296289,0.0266558253305457,0.8671094745537344,0.026339939341596,0.00013573960437429644
2,2,0.7,medium,Decision Tree,0.861915046830615,0.0241609445649026,0.8616668508773419,0.0239590326994939,0.000287958719581316
2,2,0.7,medium,Random Forest,0.8615043625350379,0.0241162666283666,0.8612007307395579,0.0238613653364606,0.00035244371205100933
2,2,0.7,medium,Naive (persistence),0.8907501851645827,0.0241717484181592,0.8907501851645827,0.0241717484181592,0.0
2,2,0.7,long,Linear Regression,0.9060806174173552,0.0345605805892962,0.90591862051158,0.0343784655201512,0.00017878862284570474
2,2,0.7,long,Decision Tree,0.9044276234021552,0.0332802023521255,0.9045065553655892,0.0333708520828045,-8.727283575993283e-05
2,2,0.7,long,Random Forest,0.9041538057437386,0.033139809681164,0.9040831319316712,0.0329582725694656,7.816569660867856e-05
2,2,0.7,long,Naive (persistence),1.0144105252064668,0.0382130870739041,1.0144105252064668,0.0382130870739041,0.0
2,2,0.7,extra_long,Linear Regression,0.8972190263619113,0.0315026438887183,0.8968531410656269,0.0312299194769364,0.0004077993060045415
2,2,0.7,extra_long,Decision Tree,0.8933291664243864,0.0296189052308086,0.8930228865883889,0.0297621021568033,0.00034285216190066414
2,2,0.7,extra_long,Random Forest,0.892643952528344,0.0294200175181079,0.8924145976873461,0.0293054079079319,0.0002569387720023908
2,2,0.7,extra_long,Naive (persistence),0.9717783510175884,0.03256993099374,0.9717783510175884,0.03256993099374,0.0
2,2,0.8,short,Linear Regression,1.0567138630731945,0.0152362758867606,1.0560165174317837,0.0132275917323304,0.000659919081010929
2,2,0.8,short,Decision Tree,1.053490510245347,0.0149248526377969,1.0532950108984138,0.0150057269144742,0.0001855729548884133
2,2,0.8,short,Random Forest,1.0530426522883052,0.014958787681612,1.0525682709633393,0.0149800539227717,0.00045048633494104706
2,2,0.8,short,Naive (persistence),1.0346602573731911,0.0207899961682807,1.0346602573731911,0.0207899961682807,0.0
2,2,0.8,medium,Linear Regression,1.278783514723648,0.0207803889049678,1.2697321327321318,0.0206634772322518,0.007078119077467249
2,2,0.8,medium,Decision Tree,1.249268924031327,0.0206063605453191,1.249855179551926,0.0208089668751606,-0.0004692788792881597
2,2,0.8,medium,Random Forest,1.2486458940874012,0.0207195589933072,1.2489134661317138,0.0205666421101864,-0.00021428977228832302
2,2,0.8,medium,Naive (persistence),1.3236392769515797,0.0306913554849722,1.3236392769515797,0.0306913554849722,0.0
2,2,0.8,long,Linear Regression,1.429412068805679,0.028189154565645,1.4263877459093248,0.0255362265684495,0.002115781000003092
2,2,0.8,long,Decision Tree,1.4118656140310215,0.0233509204217342,1.4110850627641418,0.023460040350546,0.000552850964796292
2,2,0.8,long,Random Forest,1.4107282581594192,0.0233412634184148,1.410412263511103,0.0233918713817641,0.00022399398784889168
2,2,0.8,long,Naive (persistence),1.6083020379550348,0.0598414150595677,1.6083020379550348,0.0598414150595677,0.0
2,2,0.8,extra_long,Linear Regression,1.377937615622796,0.0282880425132934,1.3697402982684297,0.0265702235679687,0.005948975673083279
2,2,0.8,extra_long,Decision Tree,1.344913076574296,0.0249134833348651,1.3459531099500572,0.0250724932375725,-0.0007733089921397873
2,2,0.8,extra_long,Random Forest,1.3444345987010575,0.0249646088463242,1.3444487895464388,0.0249110885531764,-1.0555251549471123e-05
2,2,0.8,extra_long,Naive (persistence),1.4929848280006008,0.0519793255553283,1.4929848280006008,0.0519793255553283,0.0
2,2,0.9,short,Linear Regression,1.3958904756181838,0.0070668450662399,1.39097960364258,0.0064395903253374,0.003518092616420221
2,2,0.9,short,Decision Tree,1.3903757376893362,0.0084541739375335,1.389930579738556,0.0085332682734265,0.0003201709715677792
2,2,0.9,short,Random Forest,1.3899011669699304,0.0087995861284762,1.3895357213904496,0.0088643372822316,0.0002629291838623926
2,2,0.9,short,Naive (persistence),1.3726803865605126,0.0085398325518339,1.3726803865605126,0.0085398325518339,0.0
2,2,0.9,medium,Linear Regression,1.8229262956525527,0.0153142254754077,1.809780242581096,0.0143366734052898,0.00721151102093831
2,2,0.9,medium,Decision Tree,1.7900389042003175,0.0146362942400159,1.790397176123783,0.0152144346851192,-0.00020014756250530397
2,2,0.9,medium,Random Forest,1.789035013798291,0.0147548708771961,1.7889742407915203,0.0151440943483811,3.396971345004385e-05
2,2,0.9,medium,Naive (persistence),1.8432126583546145,0.0180716298765799,1.8432126583546145,0.0180716298765799,0.0
2,2,0.9,long,Linear Regression,2.284403464303164,0.0244968980390958,2.2679823034751934,0.0232038452203205,0.007188380285957918
2,2,0.9,long,Decision Tree,2.2333309129475336,0.0180512144551614,2.23466880141703,0.0183313918094563,-0.0005990551878094497
2,2,0.9,long,Random Forest,2.232828769296391,0.0181563349871728,2.232673233321136,0.0179271306151751,6.965871158326475e-05
2,2,0.9,long,Naive (persistence),2.3911772069500774,0.0191956295716421,2.3911772069500774,0.0191956295716421,0.0
2,2,0.9,extra_long,Linear Regression,2.0906283878687213,0.018867088945141,2.079293466829827,0.0188605957159338,0.005421777062182498
2,2,0.9,extra_long,Decision Tree,2.0540745467456616,0.0168476496352637,2.054373728411466,0.0174839410133464,-0.00014565277890143946
2,2,0.9,extra_long,Random Forest,2.0535474347933045,0.0171019808812529,2.0539151784828205,0.0172788661750463,-0.00017907728026411718
2,2,0.9,extra_long,Naive (persistence),2.1597716689199338,0.0195848138070576,2.1597716689199338,0.0195848138070576,0.0
2,2,0.95,short,Linear Regression,1.6021991827682078,0.0488521511464921,1.6044697719940424,0.0457232385187245,-0.001417170380721089
2,2,0.95,short,Decision Tree,1.6059864609363976,0.0484806722861353,1.6070846515407298,0.0481775705916929,-0.0006838106242139652
2,2,0.95,short,Random Forest,1.603617662535005,0.0476149454963254,1.6050498946671534,0.0474177783783987,-0.0008931256904993745
2,2,0.95,short,Naive (persistence),1.5814531070051574,0.0483788483396912,1.5814531070051574,0.0483788483396912,0.0
2,2,0.95,medium,Linear Regression,2.1852448338268164,0.0858336496101773,2.177483775851461,0.082930727639434,0.003551573652167961
2,2,0.95,medium,Decision Tree,2.1761915896977437,0.0836219889554075,2.176136638350472,0.0839266383434905,2.5251153221828027e-05
2,2,0.95,medium,Random Forest,2.1745732100442146,0.0829252535591444,2.1746848633203464,0.08307723831142,-5.134491477054581e-05
2,2,0.95,medium,Naive (persistence),2.177687647088278,0.0845601251718757,2.177687647088278,0.0845601251718757,0.0
2,2,0.95,long,Linear Regression,2.9434368821523758,0.1612686857330124,2.922163757257536,0.1537319777867343,0.007227307989456144
2,2,0.95,long,Decision Tree,2.901895232941257,0.1533570052388969,2.902429160001576,0.153449958327483,-0.00018399253503642576
2,2,0.95,long,Random Forest,2.90068174682317,0.1529847772567091,2.900672863648688,0.1531343537439813,3.062443679646698e-06
2,2,0.95,long,Naive (persistence),2.975254118471784,0.1574074741987418,2.975254118471784,0.1574074741987418,0.0
2,2,0.95,extra_long,Linear Regression,2.608923914415977,0.1210719675178402,2.5928494589900257,0.1184887382870104,0.006161335459853645
2,2,0.95,extra_long,Decision Tree,2.577331104360866,0.120386542371112,2.577793830771379,0.1202435806007661,-0.00017953704501905143
2,2,0.95,extra_long,Random Forest,2.575404044098131,0.1194433282973516,2.5755192211465534,0.1195981997809683,-4.47219335102389e-05
2,2,0.95,extra_long,Naive (persistence),2.618647038205398,0.1167392981468463,2.618647038205398,0.1167392981468463,0.0
