queue,rho,horizon,model,MAE,MAE_std,RMSE,RMSE_std,n_runs,MAE_rel_improvement,RMSE_rel_improvement
M/G/1 Weibull 0.5,0.3,extra_long,Decision Tree,0.5535360489217572,0.019669461270054932,1.0593148583345253,0.048015057890914994,5,-0.10627171140317548,0.17884145259682493
M/G/1 Weibull 0.5,0.3,extra_long,Linear Regression,0.5523323748698088,0.020877183072666134,1.051687538349198,0.048743732550518094,5,-0.10386610375392769,0.1847539902625175
M/G/1 Weibull 0.5,0.3,extra_long,Naive (persistence),0.5003617494834627,0.02106775427504008,1.290024760363871,0.03595326598154428,5,0.0,0.0
M/G/1 Weibull 0.5,0.3,extra_long,Random Forest,0.5534975762399524,0.01946965983017543,1.0552681662377634,0.04718060834707677,5,-0.10619482166920902,0.18197836300435888
M/G/1 Weibull 0.5,0.3,long,Decision Tree,0.5830521845853316,0.02269307485831793,1.1093925388807242,0.0619816903837656,5,-0.08431777998037138,0.19748070545133756
M/G/1 Weibull 0.5,0.3,long,Linear Regression,0.5818211816673919,0.023948956908233687,1.1024298040893674,0.0663389386994175,5,-0.08202845084925947,0.2025174519743731
M/G/1 Weibull 0.5,0.3,long,Naive (persistence),0.5377133856422479,0.023361904180318627,1.3823873723866633,0.04145360122621088,5,0.0,0.0
M/G/1 Weibull 0.5,0.3,long,Random Forest,0.5825964301273305,0.023571294655906686,1.1046267971658206,0.06598038416338946,5,-0.08347020119551996,0.2009281774191085
M/G/1 Weibull 0.5,0.3,medium,Decision Tree,0.5010107247300587,0.013997448950443105,0.9647353736702733,0.024554796829583465,5,-0.13533528478682144,0.15534330600148472
M/G/1 Weibull 0.5,0.3,medium,Linear Regression,0.4994812818334181,0.014400626260321047,0.9592827659055592,0.026025993382072926,5,-0.13186942986413852,0.16011723859886884
M/G/1 Weibull 0.5,0.3,medium,Naive (persistence),0.44128878177527264,0.01459186906697505,1.1421627041198457,0.02877667059757303,5,0.0,0.0
M/G/1 Weibull 0.5,0.3,medium,Random Forest,0.5010231771053206,0.013992642425352926,0.9616642892445082,0.02469210809133384,5,-0.13536350298718425,0.15803213869991506
M/G/1 Weibull 0.5,0.3,short,Decision Tree,0.3949609870631038,0.010133338191178957,0.7909177090505214,0.010889229738544564,5,-0.19244975374785067,0.11518301332618108
M/G/1 Weibull 0.5,0.3,short,Linear Regression,0.3909441184118518,0.009844139971290274,0.7908094809769054,0.011639141748072334,5,-0.1803221913026576,0.11530409044567735
M/G/1 Weibull 0.5,0.3,short,Naive (persistence),0.33121813797331723,0.009664877341558827,0.8938771756899907,0.016531858202782287,5,0.0,0.0
M/G/1 Weibull 0.5,0.3,short,Random Forest,0.3950005289694962,0.009955660602388765,0.78950119127385,0.01109926586900869,5,-0.19256913702388267,0.11676770282849214
M/G/1 Weibull 0.5,0.5,extra_long,Decision Tree,1.609898374002728,0.12324263250532735,2.4740240096008055,0.23538037612105575,5,-0.021040807883489165,0.13949984834035
M/G/1 Weibull 0.5,0.5,extra_long,Linear Regression,1.6170999786617977,0.1344728447205858,2.5066729259266927,0.27001288293575637,5,-0.02560825907040587,0.12814409862210763
M/G/1 Weibull 0.5,0.5,extra_long,Naive (persistence),1.5767228514008944,0.14264869134538996,2.8751000273842435,0.21850862088559553,5,0.0,0.0
M/G/1 Weibull 0.5,0.5,extra_long,Random Forest,1.608457291200501,0.1227640346972274,2.4685563336874425,0.2336640927094012,5,-0.02012683444741792,0.14140158249265267
M/G/1 Weibull 0.5,0.5,long,Decision Tree,1.7151891846694594,0.13593381590685133,2.6495619374491985,0.26495158683677345,5,0.011137186313254333,0.16349420310388751
M/G/1 Weibull 0.5,0.5,long,Linear Regression,1.7296261155922366,0.14905716099897226,2.683266634345748,0.3094482506159021,5,0.002813822184737025,0.15285313299411185
M/G/1 Weibull 0.5,0.5,long,Naive (persistence),1.734506709049736,0.17004640761916678,3.1674161103013296,0.2506601650839856,5,0.0,0.0
M/G/1 Weibull 0.5,0.5,long,Random Forest,1.7137908978525431,0.1347547190686187,2.642723061211565,0.2605874969104722,5,0.01194334451928536,0.16565333723703535
M/G/1 Weibull 0.5,0.5,medium,Decision Tree,1.4302808685586619,0.0906653957416171,2.1888065378999455,0.16883042022230477,5,-0.06718772369428017,0.10933738048716102
M/G/1 Weibull 0.5,0.5,medium,Linear Regression,1.42511018118,0.0997680244344136,2.219581053253298,0.19360038176541347,5,-0.06332967440139581,0.09681470660792757
M/G/1 Weibull 0.5,0.5,medium,Naive (persistence),1.340233622260443,0.09611496901256225,2.4575035371947522,0.15230022335760007,5,0.0,0.0
M/G/1 Weibull 0.5,0.5,medium,Random Forest,1.429160692196284,0.09114650681162062,2.183752335962893,0.1694691612522928,5,-0.0663519169037532,0.11139402124496911
M/G/1 Weibull 0.5,0.5,short,Decision Tree,1.0830559922015826,0.055476031800967725,1.686253552569887,0.0965177464621629,5,-0.12568599862814622,0.07029206393397869
M/G/1 Weibull 0.5,0.5,short,Linear Regression,1.0583602286202423,0.0575084003594603,1.7058400664132587,0.09893553871348273,5,-0.10001818875579072,0.05949313198670558
M/G/1 Weibull 0.5,0.5,short,Naive (persistence),0.9621297533428361,0.051722759848000406,1.813745464737155,0.07893047745522687,5,0.0,0.0
M/G/1 Weibull 0.5,0.5,short,Random Forest,1.081798657751874,0.05422489180736272,1.6825067083520142,0.09251096364737565,5,-0.12437917442346902,0.07235786880611694
M/G/1 Weibull 0.5,0.7,extra_long,Decision Tree,3.316507219377397,0.11585129580634196,4.51699172615759,0.1760902394339496,5,-0.004820960519449136,0.08982310087889589
M/G/1 Weibull 0.5,0.7,extra_long,Linear Regression,3.2898681441338082,0.11073004696471467,4.623065550637119,0.16659634015528746,5,0.00325003085883524,0.06844915323945189
M/G/1 Weibull 0.5,0.7,extra_long,Naive (persistence),3.3005951803223788,0.12110113147264161,4.962762437191431,0.18151473109986543,5,0.0,0.0
M/G/1 Weibull 0.5,0.7,extra_long,Random Forest,3.311905894986763,0.11449781532567817,4.5077874490772665,0.174553939132408,5,-0.0034268712297154114,0.09167776895878332
M/G/1 Weibull 0.5,0.7,long,Decision Tree,3.6919495164372016,0.16339178337250546,5.051665790700033,0.25673399675526365,5,0.012989515660111195,0.10428893306157294
M/G/1 Weibull 0.5,0.7,long,Linear Regression,3.6913604814412055,0.1542719950942698,5.165359818706812,0.24160178868734009,5,0.013146989025904166,0.08412984032864546
M/G/1 Weibull 0.5,0.7,long,Naive (persistence),3.740537284065804,0.1615171517201907,5.639838534056311,0.2601820263246844,5,0.0,0.0
M/G/1 Weibull 0.5,0.7,long,Random Forest,3.686964500969906,0.16354785933201682,5.0425517919600775,0.2564186267098642,5,0.014322216042093938,0.10590493654907007
M/G/1 Weibull 0.5,0.7,medium,Decision Tree,2.7996921499388585,0.06871107523916417,3.8237818127457173,0.10784068956971994,5,-0.028595749659567904,0.06914478143730585
M/G/1 Weibull 0.5,0.7,medium,Linear Regression,2.7591543010852644,0.06489275897814575,3.903846139059682,0.09552367844143955,5,-0.013702305381396274,0.049654052201229315
M/G/1 Weibull 0.5,0.7,medium,Naive (persistence),2.7218585638385795,0.07276230090143566,4.107815841275408,0.10336969181230739,5,0.0,0.0
M/G/1 Weibull 0.5,0.7,medium,Random Forest,2.796096582656787,0.06864466209215618,3.8158804173271266,0.10680612243003397,5,-0.027274752554927506,0.07106828427285106
M/G/1 Weibull 0.5,0.7,short,Decision Tree,2.003983753933962,0.032832750568535324,2.771772550265827,0.05093579598153179,5,-0.06583475142494088,0.044590772513487864
M/G/1 Weibull 0.5,0.7,short,Linear Regression,1.938045492522896,0.0327070517292151,2.8169875970638594,0.043194532888822114,5,-0.030764960902690763,0.0290054847062573
M/G/1 Weibull 0.5,0.7,short,Naive (persistence),1.880201176828572,0.032135024414991414,2.9011364664729045,0.044187508061511074,5,0.0,0.0
M/G/1 Weibull 0.5,0.7,short,Random Forest,2.001862109519827,0.03253154294219739,2.767271503344943,0.0507722711242711,5,-0.06470633791244951,0.046142249658014056
M/G/1 Weibull 0.5,0.8,extra_long,Decision Tree,4.5813315982466944,0.3328198743778567,6.062121481501358,0.48059749231076504,5,-0.012311672592943523,0.03694539000751673
M/G/1 Weibull 0.5,0.8,extra_long,Linear Regression,4.522873864979636,0.3330169429330327,6.098058420773495,0.40044732997199634,5,0.0006054115496265666,0.031236293754552724
M/G/1 Weibull 0.5,0.8,extra_long,Naive (persistence),4.525613723797171,0.32936018354056207,6.294680923181161,0.3442054923565932,5,0.0,0.0
M/G/1 Weibull 0.5,0.8,extra_long,Random Forest,4.5762784652905095,0.3351154523783055,6.053946666452104,0.4835770158126275,5,-0.011195109566449757,0.03824407617588932
M/G/1 Weibull 0.5,0.8,long,Decision Tree,5.224006143696341,0.4000365684231721,6.911725217413848,0.5722144884183273,5,0.001117923125208753,0.05004817227187164
M/G/1 Weibull 0.5,0.8,long,Linear Regression,5.1917369455418765,0.39885448411981234,6.989174275137911,0.5079685304044038,5,0.007288115652740679,0.03940352543964076
M/G/1 Weibull 0.5,0.8,long,Naive (persistence),5.2298527169901,0.39525645679842336,7.275869171117539,0.42196816331905973,5,0.0,0.0
M/G/1 Weibull 0.5,0.8,long,Random Forest,5.218018944553242,0.4002433476988132,6.9021378941174,0.5728792603230966,5,0.0022627353153588103,0.05136585996951559
M/G/1 Weibull 0.5,0.8,medium,Decision Tree,3.7823856605028388,0.2540332467605253,5.024173265299346,0.39016126331753453,5,-0.030527897767530288,0.02042234839971402
M/G/1 Weibull 0.5,0.8,medium,Linear Regression,3.7049373068296263,0.2419608855394241,5.012989011514304,0.2784999307925779,5,-0.00942674726089443,0.02260297483895768
M/G/1 Weibull 0.5,0.8,medium,Naive (persistence),3.670337958532474,0.23826137807341027,5.128917811764704,0.24654159423558455,5,0.0,0.0
M/G/1 Weibull 0.5,0.8,medium,Random Forest,3.774814063585386,0.24936983125990758,5.006289680300098,0.3749163194982373,5,-0.028464982307701447,0.023909162900470293
M/G/1 Weibull 0.5,0.8,short,Decision Tree,2.6560952579886936,0.17130839535661546,3.5824186782072855,0.3034718299192102,5,-0.05266030201909078,-0.005626718315542734
M/G/1 Weibull 0.5,0.8,short,Linear Regression,2.5704837746971143,0.15223907901561928,3.511694825067539,0.16321497968634588,5,-0.01873086760330156,0.014226292381449346
M/G/1 Weibull 0.5,0.8,short,Naive (persistence),2.5232216441468154,0.14507855422401317,3.562374202037862,0.15298966100061212,5,0.0,0.0
M/G/1 Weibull 0.5,0.8,short,Random Forest,2.646393240741669,0.1643834510866227,3.556310920066347,0.27458165843547877,5,-0.04881521085576379,0.0017020339884694646
M/G/1 Weibull 0.5,0.9,extra_long,Decision Tree,5.781200223897043,0.14973531062996967,7.391048930956958,0.1973767593136512,5,-0.004003163878022464,0.02394617762569462
M/G/1 Weibull 0.5,0.9,extra_long,Linear Regression,5.736873518597565,0.1655580081926669,7.462743665808456,0.17707626250626765,5,0.00369491794606025,0.014478249507559937
M/G/1 Weibull 0.5,0.9,extra_long,Naive (persistence),5.758149408181953,0.1576236613658244,7.572378450378709,0.1648165435518416,5,0.0,0.0
M/G/1 Weibull 0.5,0.9,extra_long,Random Forest,5.770040769388051,0.14908494569120864,7.37171755003417,0.19550286523942165,5,-0.0020651359253029966,0.02649905860615087
M/G/1 Weibull 0.5,0.9,long,Decision Tree,6.6743890653152205,0.1802866080867161,8.533882093786017,0.2457287790133324,5,0.002207473855158626,0.030814182673710833
M/G/1 Weibull 0.5,0.9,long,Linear Regression,6.639985329959069,0.18495041748290925,8.647809945900335,0.22158329839461005,5,0.007350684667999041,0.01787549225659768
M/G/1 Weibull 0.5,0.9,long,Naive (persistence),6.689155200533497,0.17575914224485473,8.805207361916,0.20669821022240548,5,0.0,0.0
M/G/1 Weibull 0.5,0.9,long,Random Forest,6.663358982545733,0.17623611778695764,8.514952228824509,0.23954090358685493,5,0.0038564239002417677,0.03296403152830829
M/G/1 Weibull 0.5,0.9,medium,Decision Tree,4.69649560500792,0.13966213156628157,5.996620073120517,0.1608601705970742,5,-0.013514422282821625,0.014876785884519683
M/G/1 Weibull 0.5,0.9,medium,Linear Regression,4.6362087183491125,0.134654209885346,6.019149326695588,0.1262833867056955,5,-0.0005043751663975637,0.011175685861028017
M/G/1 Weibull 0.5,0.9,medium,Naive (persistence),4.633871508635879,0.13040337868086688,6.087177712591765,0.12072129164639893,5,0.0,0.0
M/G/1 Weibull 0.5,0.9,medium,Random Forest,4.679504037112047,0.1298190156119593,5.971345820607827,0.14773433692299953,5,-0.009847603325022103,0.0190288336324288
M/G/1 Weibull 0.5,0.9,short,Decision Tree,3.2260708300243564,0.08639568258593798,4.159565786566732,0.09459016567253979,5,-0.03182729332918788,0.0005756754929747698
M/G/1 Weibull 0.5,0.9,short,Linear Regression,3.1400581569149653,0.08115157851664907,4.12696982958088,0.06772115441259682,5,-0.004316978657702197,0.008407548809524545
M/G/1 Weibull 0.5,0.9,short,Naive (persistence),3.1265608604085746,0.07634158281737698,4.161961725935052,0.06595174924875476,5,0.0,0.0
M/G/1 Weibull 0.5,0.9,short,Random Forest,3.208447728082315,0.07741351164910269,4.128936123015473,0.08334634730258259,5,-0.026190716039040884,0.007935104908289303
M/G/1 Weibull 0.5,0.95,extra_long,Decision Tree,6.526919901134335,0.4250486349203533,8.257060140322615,0.5095500583386396,5,-0.02286543046597589,-0.006883754589313673
M/G/1 Weibull 0.5,0.95,extra_long,Linear Regression,6.380146941396923,0.31543098189489643,8.163817321129887,0.32314329498763705,5,0.00013607543828408897,0.004486476253354965
M/G/1 Weibull 0.5,0.95,extra_long,Naive (persistence),6.381015240842518,0.29929886534071776,8.20060915938652,0.3104815936058189,5,0.0,0.0
M/G/1 Weibull 0.5,0.95,extra_long,Random Forest,6.456717156420853,0.3579681453952552,8.166930073002415,0.4348900362250467,5,-0.011863616167815394,0.004106900564277649
M/G/1 Weibull 0.5,0.95,long,Decision Tree,7.588551145448205,0.48975483714125156,9.613219769036567,0.6125325154242834,5,-0.013878843210672231,-0.00014073977344675193
M/G/1 Weibull 0.5,0.95,long,Linear Regression,7.477346832074223,0.40715612900857007,9.56730830442752,0.4270045715700071,5,0.0009787624696004915,0.004635799958441211
M/G/1 Weibull 0.5,0.95,long,Naive (persistence),7.484672548662102,0.38348416002778074,9.611866997053001,0.4045462862861608,5,0.0,0.0
M/G/1 Weibull 0.5,0.95,long,Random Forest,7.537816773542192,0.4583096333037636,9.537602971573104,0.5566673783176678,5,-0.007100407470676862,0.00772628517463525
M/G/1 Weibull 0.5,0.95,medium,Decision Tree,5.282502712080692,0.3544484105727734,6.687005542610294,0.43282488654817364,5,-0.03493636639253572,-0.018520965514768895
M/G/1 Weibull 0.5,0.95,medium,Linear Regression,5.107875770128404,0.223900752656235,6.536252451000413,0.22029397593452452,5,-0.0007238382351850703,0.004440759795973803
M/G/1 Weibull 0.5,0.95,medium,Naive (persistence),5.104181168639231,0.21091286729789765,6.565407850225867,0.21534088880206734,5,0.0,0.0
M/G/1 Weibull 0.5,0.95,medium,Random Forest,5.201629353818197,0.28414265490651014,6.576870151163858,0.33896306850761526,5,-0.01909183509740986,-0.0017458627399051796
M/G/1 Weibull 0.5,0.95,short,Decision Tree,3.705198116331772,0.3330090485473896,4.715348283671608,0.41294401205849324,5,-0.07740994154614111,-0.05723669105593543
M/G/1 Weibull 0.5,0.95,short,Linear Regression,3.4453709579200336,0.11877437831884648,4.432483222979206,0.10351174747465193,5,-0.001856528539001312,0.006184991244255422
M/G/1 Weibull 0.5,0.95,short,Naive (persistence),3.4389863815574353,0.11284744298089512,4.460068708892484,0.10596274968842347,5,0.0,0.0
M/G/1 Weibull 0.5,0.95,short,Random Forest,3.585068531543618,0.200994955657762,4.555497422836153,0.23781784704687797,5,-0.04247825777083358,-0.021396243011548854
M/G/1 Weibull 2.0,0.3,extra_long,Decision Tree,0.15092751228398973,0.0031283374848384165,0.3326655336512077,0.008189096261989322,5,0.01296173961734326,0.2928378746799022
M/G/1 Weibull 2.0,0.3,extra_long,Linear Regression,0.1509191930018994,0.0031621499581430085,0.33262407403202016,0.00821623466672627,5,0.013016146197017187,0.2929260072618918
M/G/1 Weibull 2.0,0.3,extra_long,Naive (persistence),0.15290948521638653,0.00665063029961842,0.470423290133965,0.01021235417701119,5,0.0,0.0
M/G/1 Weibull 2.0,0.3,extra_long,Random Forest,0.15082127018389913,0.003128603314507653,0.33265158563745023,0.00819368675254465,5,0.013656543474280358,0.2928675246016854
M/G/1 Weibull 2.0,0.3,long,Decision Tree,0.15096629917558815,0.0031730080229633918,0.3316572610633839,0.00912723899246249,5,0.01806852673588666,0.2958872851704575
M/G/1 Weibull 2.0,0.3,long,Linear Regression,0.15097401118436446,0.003224193487684317,0.33157879186992106,0.00920724448064036,5,0.01801836544703672,0.2960538762972805
M/G/1 Weibull 2.0,0.3,long,Naive (persistence),0.15374423092249967,0.005067831589409607,0.47102864936003075,0.009583685914798593,5,0.0,0.0
M/G/1 Weibull 2.0,0.3,long,Random Forest,0.15106464135204972,0.0031748342289347163,0.3316344449490816,0.009149903672552898,5,0.017428878822781213,0.2959357240803482
M/G/1 Weibull 2.0,0.3,medium,Decision Tree,0.15118512865132888,0.003032965596769168,0.3331115790891154,0.007340133093180428,5,0.006405180831025481,0.2859911091226234
M/G/1 Weibull 2.0,0.3,medium,Linear Regression,0.151127395334513,0.003124732694635802,0.33279930640461286,0.007474544119293103,5,0.006784606539052551,0.28666045083005565
M/G/1 Weibull 2.0,0.3,medium,Naive (persistence),0.1521597392967261,0.0063759970589598045,0.46653701843934564,0.012340165713781725,5,0.0,0.0
M/G/1 Weibull 2.0,0.3,medium,Random Forest,0.15099656408774936,0.003061767228732017,0.3327502487156003,0.007525292462188408,5,0.007644434817993706,0.2867656036626789
M/G/1 Weibull 2.0,0.3,short,Decision Tree,0.1507188628313995,0.0026984422694810144,0.33295587564713475,0.005853808883660917,5,-0.021420994244243152,0.270716251582825
M/G/1 Weibull 2.0,0.3,short,Linear Regression,0.15074666862010613,0.0028057116791376097,0.3322101544990925,0.005643608961213383,5,-0.021609433937941125,0.2723496281167611
M/G/1 Weibull 2.0,0.3,short,Naive (persistence),0.14755802326436174,0.006183096574787108,0.45655189268892454,0.011545783771450137,5,0.0,0.0
M/G/1 Weibull 2.0,0.3,short,Random Forest,0.15062911890001535,0.002775339914731703,0.3319491175101861,0.006275719832049218,5,-0.020812800061379866,0.2729213856608358
M/G/1 Weibull 2.0,0.5,extra_long,Decision Tree,0.5042125705690703,0.013845145323112623,0.7444635787455247,0.038817196549579304,5,0.055439148647331016,0.28837844389325207
M/G/1 Weibull 2.0,0.5,extra_long,Linear Regression,0.5043164344150614,0.013689384522070455,0.7432623897889284,0.037497490699509896,5,0.0552445764995495,0.2895266423798881
M/G/1 Weibull 2.0,0.5,extra_long,Naive (persistence),0.5338063395778123,0.025662907735803656,1.0461509665593243,0.04865692629695021,5,0.0,0.0
M/G/1 Weibull 2.0,0.5,extra_long,Random Forest,0.5042392260874037,0.013825148444829424,0.7437609365805851,0.03801843966938576,5,0.05538921383697559,0.2890500889878894
M/G/1 Weibull 2.0,0.5,long,Decision Tree,0.5048824318817017,0.014417511947560526,0.7443965253386631,0.03953521908534683,5,0.06313520560001273,0.2948924922844357
M/G/1 Weibull 2.0,0.5,long,Linear Regression,0.504810316179759,0.014253599915485944,0.7436944633823707,0.039002477178032756,5,0.06326902420412173,0.29555749962852296
M/G/1 Weibull 2.0,0.5,long,Naive (persistence),0.538906398126586,0.02798017326128414,1.0557206059972173,0.056399065700600576,5,0.0,0.0
M/G/1 Weibull 2.0,0.5,long,Random Forest,0.5048203489807189,0.01439716883744328,0.7438742496293063,0.03921535489765352,5,0.0632504072402208,0.2953872024439135
M/G/1 Weibull 2.0,0.5,medium,Decision Tree,0.5015690836909739,0.014374947644954658,0.7422698641699852,0.03724800723765742,5,0.03300364679800738,0.2692427608260527
M/G/1 Weibull 2.0,0.5,medium,Linear Regression,0.5021680254733673,0.014564942942646734,0.7422386485371811,0.03720926580790679,5,0.031848921480624126,0.269273492303576
M/G/1 Weibull 2.0,0.5,medium,Naive (persistence),0.5186876682938253,0.02644433787590891,1.0157543769378896,0.044070930158222374,5,0.0,0.0
M/G/1 Weibull 2.0,0.5,medium,Random Forest,0.5012636580085964,0.014277824541995285,0.7416836257011583,0.03677843867993697,5,0.033592489951695836,0.26981990672090395
M/G/1 Weibull 2.0,0.5,short,Decision Tree,0.4781785021343847,0.011781554489316873,0.7162318456844062,0.028084409439662866,5,-0.038621284325281335,0.21462715423872236
M/G/1 Weibull 2.0,0.5,short,Linear Regression,0.4782692841676668,0.012703167789372955,0.7206453883584721,0.02979728805823661,5,-0.038818466238688565,0.2097875529410339
M/G/1 Weibull 2.0,0.5,short,Naive (persistence),0.46039736461305375,0.015584019048313294,0.9119641066659853,0.026085653747849144,5,0.0,0.0
M/G/1 Weibull 2.0,0.5,short,Random Forest,0.47769769986867844,0.011792375905550096,0.7151148302589672,0.02789443697234352,5,-0.0375769641300292,0.21585200006025662
M/G/1 Weibull 2.0,0.7,extra_long,Decision Tree,1.1822336387287475,0.041956932915015156,1.6514376817646022,0.08945489516759789,5,0.10881341992668436,0.2034223017828155
M/G/1 Weibull 2.0,0.7,extra_long,Linear Regression,1.200478652470244,0.04272631010702209,1.6672447062127058,0.09550225794111385,5,0.09506003745893554,0.19579771909975663
M/G/1 Weibull 2.0,0.7,extra_long,Naive (persistence),1.3265837537987704,0.05958613242278301,2.0731658511915088,0.09519668526632241,5,0.0,0.0
M/G/1 Weibull 2.0,0.7,extra_long,Random Forest,1.1814321162049448,0.04178930015054921,1.6497990958538555,0.08891505904669,5,0.10941762039386738,0.20421268037688933
M/G/1 Weibull 2.0,0.7,long,Decision Tree,1.2016678020811704,0.04522119587637774,1.6961421635581775,0.10237477109362991,5,0.13829871077009825,0.2242982130105351
M/G/1 Weibull 2.0,0.7,long,Linear Regression,1.2163325415835184,0.046791158511936645,1.7044201976609394,0.10916975438768414,5,0.12778280536470377,0.220512394826049
M/G/1 Weibull 2.0,0.7,long,Naive (persistence),1.3945294234793302,0.07449236326284107,2.186590506824775,0.122888471985553,5,0.0,0.0
M/G/1 Weibull 2.0,0.7,long,Random Forest,1.2016253373459707,0.04513846593776402,1.6958377982608326,0.10230245008283452,5,0.1383291617125343,0.22443740930558675
M/G/1 Weibull 2.0,0.7,medium,Decision Tree,1.128659542992358,0.034372859467181625,1.5507373598983043,0.06950174887247654,5,0.06335570948779823,0.1730323718077893
M/G/1 Weibull 2.0,0.7,medium,Linear Regression,1.1490824951596106,0.035768360676779555,1.5805450691583962,0.07471925165523777,5,0.04640724911139016,0.15713670097009325
M/G/1 Weibull 2.0,0.7,medium,Naive (persistence),1.2050033875455037,0.04871927486061695,1.8752092670039424,0.06824133133295866,5,0.0,0.0
M/G/1 Weibull 2.0,0.7,medium,Random Forest,1.1287148008376309,0.034707398322117215,1.5503995643004946,0.07002298151828246,5,0.0633098524837068,0.17321250935497057
M/G/1 Weibull 2.0,0.7,short,Decision Tree,0.9819374049149717,0.021110301932103222,1.3229183288313562,0.03779480619362285,5,-0.022809385955264716,0.12327483514890458
M/G/1 Weibull 2.0,0.7,short,Linear Regression,0.9855877442466543,0.023921711123949297,1.3584849699675599,0.04165911108270806,5,-0.026611666336558537,0.0997040911099406
M/G/1 Weibull 2.0,0.7,short,Naive (persistence),0.9600394935737511,0.026893831223978176,1.50893162631649,0.03162539232225936,5,0.0,0.0
M/G/1 Weibull 2.0,0.7,short,Random Forest,0.9816547198595538,0.02102660553766518,1.3221924765806243,0.037753376193377,5,-0.02251493446935182,0.12375587235302488
M/G/1 Weibull 2.0,0.8,extra_long,Decision Tree,1.7413162663135942,0.07797400166792214,2.2948523355794546,0.133526640675539,5,0.08504097577923975,0.14793317108159787
M/G/1 Weibull 2.0,0.8,extra_long,Linear Regression,1.7679331769688766,0.09116146519323391,2.360528283191477,0.14645393436742216,5,0.07105535865037371,0.1235480306739224
M/G/1 Weibull 2.0,0.8,extra_long,Naive (persistence),1.9031631146505326,0.07716279586554588,2.693277402304814,0.10294072423088658,5,0.0,0.0
M/G/1 Weibull 2.0,0.8,extra_long,Random Forest,1.741018144799242,0.07786828508700387,2.2937800197792986,0.13313152267226697,5,0.08519762105680795,0.1483313164041845
M/G/1 Weibull 2.0,0.8,long,Decision Tree,1.8464502750268128,0.10267725230484366,2.4441400537932076,0.1761191767167084,5,0.10616330477459335,0.1666535127700649
M/G/1 Weibull 2.0,0.8,long,Linear Regression,1.8731255436073055,0.11543435817250704,2.4996589582702016,0.18729243379906071,5,0.09325023896680085,0.14772395758808843
M/G/1 Weibull 2.0,0.8,long,Naive (persistence),2.0657579677473157,0.1143805784743299,2.932921769332215,0.1440794195749683,5,0.0,0.0
M/G/1 Weibull 2.0,0.8,long,Random Forest,1.8451660907393606,0.1019083359698648,2.4423501723817282,0.1746132218504435,5,0.10678495760493567,0.1672637852397213
M/G/1 Weibull 2.0,0.8,medium,Decision Tree,1.5716821602560755,0.059508230289970106,2.073219962904242,0.09535204605593582,5,0.059601324316753024,0.12284156743119135
M/G/1 Weibull 2.0,0.8,medium,Linear Regression,1.6123569079595388,0.06809057195766134,2.1393011782170737,0.10475463210321785,5,0.035264037910285984,0.09488327246819683
M/G/1 Weibull 2.0,0.8,medium,Naive (persistence),1.6712934640344632,0.05705395304591727,2.3635638510966586,0.07388490465183103,5,0.0,0.0
M/G/1 Weibull 2.0,0.8,medium,Random Forest,1.5710253511078067,0.05925822474304991,2.0720865584866694,0.09490312075881804,5,0.05999431882214845,0.12332109939604463
M/G/1 Weibull 2.0,0.8,short,Decision Tree,1.2763399558364346,0.030398123669595135,1.6784991847306139,0.04695939686898287,5,0.007349040201216628,0.08537538383221732
M/G/1 Weibull 2.0,0.8,short,Linear Regression,1.3025514722772455,0.031792559727923914,1.7291257290623032,0.04898656244152322,5,-0.01303650585473326,0.057788665829310415
M/G/1 Weibull 2.0,0.8,short,Naive (persistence),1.2857892728932199,0.024773147817947747,1.835178230565689,0.03125341388348196,5,0.0,0.0
M/G/1 Weibull 2.0,0.8,short,Random Forest,1.2761464787361896,0.030249082163363552,1.6781790986396345,0.046774519656196924,5,0.007499513614180775,0.08554980072843377
M/G/1 Weibull 2.0,0.9,extra_long,Decision Tree,2.5540812454600417,0.06011458534848671,3.305991689958175,0.0891094033706414,5,0.03754899664807965,0.06536463381543778
M/G/1 Weibull 2.0,0.9,extra_long,Linear Regression,2.609539743269972,0.06693765041616115,3.414978168619045,0.10676122668532805,5,0.01665064544784456,0.034553117349207074
M/G/1 Weibull 2.0,0.9,extra_long,Naive (persistence),2.6537259939103013,0.0650448068283005,3.5371994358122136,0.06662780203846351,5,0.0,0.0
M/G/1 Weibull 2.0,0.9,extra_long,Random Forest,2.5535225548989144,0.05990254275229056,3.304046585764511,0.08925638489596255,5,0.03775952726141696,0.06591453331332042
M/G/1 Weibull 2.0,0.9,long,Decision Tree,2.8441273466957946,0.0876619033204082,3.6802683257842603,0.130654257095982,5,0.0480034490372061,0.07683707748801971
M/G/1 Weibull 2.0,0.9,long,Linear Regression,2.9106707256512863,0.09158036313725261,3.809368821949762,0.15671944608285324,5,0.025729809522212155,0.04445335413206197
M/G/1 Weibull 2.0,0.9,long,Naive (persistence),2.987539549192074,0.08259310543781548,3.9865859384495588,0.0907380208251926,5,0.0,0.0
M/G/1 Weibull 2.0,0.9,long,Random Forest,2.8425226427404735,0.087521400970129,3.6773261362706555,0.13001309486735868,5,0.048540581325799526,0.07757509983572031
M/G/1 Weibull 2.0,0.9,medium,Decision Tree,2.1834501435984888,0.04402725981203512,2.8141726723599962,0.06302882622051453,5,0.018303647445396143,0.05122149222365624
M/G/1 Weibull 2.0,0.9,medium,Linear Regression,2.2208864812393836,0.04607131695566342,2.894294951966343,0.06778382230972498,5,0.001471975688283944,0.02420882962793891
M/G/1 Weibull 2.0,0.9,medium,Naive (persistence),2.2241603912621657,0.05398324214554571,2.9661007804187984,0.05305577651592664,5,0.0,0.0
M/G/1 Weibull 2.0,0.9,medium,Random Forest,2.181708141745692,0.04383408036861235,2.8118917169364495,0.06243649863436271,5,0.019086865175394485,0.051990500289263775
M/G/1 Weibull 2.0,0.9,short,Decision Tree,1.641842042621769,0.024908616850838963,2.112158274040406,0.0398132214543219,5,-0.007567378895075416,0.03363793320379527
M/G/1 Weibull 2.0,0.9,short,Linear Regression,1.653462507120956,0.021227959089097928,2.154569075568659,0.032156149342189806,5,-0.014698637964487782,0.014233994435074782
M/G/1 Weibull 2.0,0.9,short,Naive (persistence),1.629510916105934,0.02702815133030742,2.1856800329951662,0.03335302026981331,5,0.0,0.0
M/G/1 Weibull 2.0,0.9,short,Random Forest,1.6406420299847504,0.024733754829413455,2.109613323157815,0.03910514202932291,5,-0.006830953857870803,0.034802308063871745
M/G/1 Weibull 2.0,0.95,extra_long,Decision Tree,2.91483813249319,0.0678998127192176,3.691107663645976,0.08932448252600433,5,0.022697550719607884,0.04459508946429025
M/G/1 Weibull 2.0,0.95,extra_long,Linear Regression,2.9632319500985442,0.06283691881296206,3.7951721688048288,0.078780562127494,5,0.0064718138773058875,0.017659072338464088
M/G/1 Weibull 2.0,0.95,extra_long,Naive (persistence),2.9825343573419314,0.07024701530032237,3.8633961610855834,0.08653016400406599,5,0.0,0.0
M/G/1 Weibull 2.0,0.95,extra_long,Random Forest,2.9129530717025665,0.06810642798250788,3.68864203780197,0.08931525977724751,5,0.023329583938599296,0.04523329112448793
M/G/1 Weibull 2.0,0.95,long,Decision Tree,3.2734471485159125,0.0771324746027229,4.153506803172699,0.10217972727942846,5,0.03249770773804206,0.05159171487903347
M/G/1 Weibull 2.0,0.95,long,Linear Regression,3.3373443047643447,0.07236155733534083,4.2811547085757065,0.0900027592363384,5,0.013612220258152119,0.02244469844220598
M/G/1 Weibull 2.0,0.95,long,Naive (persistence),3.383399889278613,0.07855158627698243,4.379450146455577,0.09855697653056562,5,0.0,0.0
M/G/1 Weibull 2.0,0.95,long,Random Forest,3.2720381267330056,0.07727089260161107,4.151052260230164,0.10285363999013877,5,0.032914159185998826,0.05215218317081716
M/G/1 Weibull 2.0,0.95,medium,Decision Tree,2.451442460865335,0.04850315461476588,3.1068426564102936,0.06668105082114667,5,0.008938104646243339,0.03519119833822759
M/G/1 Weibull 2.0,0.95,medium,Linear Regression,2.47828584239065,0.046152329073388156,3.1799863212382684,0.059700624969315934,5,-0.0019140581097172316,0.012476931986108442
M/G/1 Weibull 2.0,0.95,medium,Naive (persistence),2.4735513214240767,0.04929988185938267,3.220164089567916,0.06232355247732889,5,0.0,0.0
M/G/1 Weibull 2.0,0.95,medium,Random Forest,2.4507751290128033,0.04896212882098676,3.105140464459026,0.06724529758959959,5,0.009207891590525263,0.03571980244159678
M/G/1 Weibull 2.0,0.95,short,Decision Tree,1.8009457304210337,0.022759125632056842,2.2830989276259404,0.02992327001548162,5,-0.012622498555147743,0.021927715545990156
M/G/1 Weibull 2.0,0.95,short,Linear Regression,1.7986366262851206,0.021529914420375867,2.3175502074874212,0.02912008575925581,5,-0.011324152491723805,0.0071688973499161035
M/G/1 Weibull 2.0,0.95,short,Naive (persistence),1.778496658913562,0.02137206971394637,2.3342844531173244,0.028559974352554925,5,0.0,0.0
M/G/1 Weibull 2.0,0.95,short,Random Forest,1.799891541075383,0.022855913411981753,2.2812364070526696,0.030270921905939836,5,-0.012029756735607577,0.022725613407488354
M/M/1,0.3,extra_long,Decision Tree,0.23193875717941898,0.0061333426004839785,0.4591239422817054,0.026308853141821766,5,0.004051231550442291,0.28661843729121983
M/M/1,0.3,extra_long,Linear Regression,0.2318789224541829,0.006029569440349936,0.45854173305252405,0.025713636951222172,5,0.004308162826758943,0.2875230673736171
M/M/1,0.3,extra_long,Naive (persistence),0.2328822169643218,0.012576675967943915,0.6435881809705966,0.03447635239301895,5,0.0,0.0
M/M/1,0.3,extra_long,Random Forest,0.2319178115887285,0.006059468281718722,0.4585853488064183,0.025776647813979345,5,0.004141172255076153,0.28745529771099143
M/M/1,0.3,long,Decision Tree,0.23146072856215433,0.006439116434797423,0.4568334477678543,0.026177690701499823,5,0.010674310562924338,0.29254317934625584
M/M/1,0.3,long,Linear Regression,0.23150379097559007,0.006502831957354634,0.4567754864651733,0.026196576347859244,5,0.01049025017338967,0.29263293879604213
M/M/1,0.3,long,Naive (persistence),0.2339580696563687,0.012523197929056975,0.6457403963477308,0.03616674966013871,5,0.0,0.0
M/M/1,0.3,long,Random Forest,0.2312902985720307,0.006478201333548777,0.4567774385494686,0.02619907254110334,5,0.01140277438712134,0.292629915778888
M/M/1,0.3,medium,Decision Tree,0.23160059340372915,0.005909684685368654,0.45917297072274604,0.023615833784018422,5,0.0003501493807116507,0.2815324465484097
M/M/1,0.3,medium,Linear Regression,0.23173316093938343,0.00582512916699353,0.45903952389865504,0.023332331414958378,5,-0.00022204741406417483,0.28174125067960587
M/M/1,0.3,medium,Naive (persistence),0.2316817166133235,0.008868265549677455,0.6391004973249425,0.02667264176247242,5,0.0,0.0
M/M/1,0.3,medium,Random Forest,0.23172941147708515,0.005892077091004102,0.45915879258767217,0.023415657369865728,5,-0.00020586373607223152,0.281554631064199
M/M/1,0.3,short,Decision Tree,0.2244646802974964,0.006268770301474525,0.4512001827450779,0.02121121520071159,5,-0.06962539124630407,0.23458356942101966
M/M/1,0.3,short,Linear Regression,0.22460835770748738,0.006311876826942821,0.4513299807002883,0.020958712502863304,5,-0.07031004687083797,0.23436338004306068
M/M/1,0.3,short,Naive (persistence),0.209853545114477,0.008449253610284176,0.5894832730514795,0.020424234376970458,5,0.0,0.0
M/M/1,0.3,short,Random Forest,0.22454600686229007,0.00627371306014565,0.4508762227762377,0.021127362243595373,5,-0.07001293087423499,0.2351331354284879
M/M/1,0.5,extra_long,Decision Tree,0.7361701960365141,0.025349081947396348,1.0762449847329068,0.0678028181596999,5,0.05312259334664682,0.2631178688908369
M/M/1,0.5,extra_long,Linear Regression,0.7354858400075002,0.02513206560548338,1.0732442532858308,0.06593478050384205,5,0.0540028262947736,0.2651724061151439
M/M/1,0.5,extra_long,Naive (persistence),0.7774714982781527,0.04202189642389337,1.4605388559401364,0.0782278152449611,5,0.0,0.0
M/M/1,0.5,extra_long,Random Forest,0.735809804036449,0.025189649715878396,1.0747756305957714,0.06647642269206892,5,0.053586137027493375,0.26412390452704015
M/M/1,0.5,long,Decision Tree,0.74011957111719,0.027275192727087148,1.081244259937755,0.0750529840345678,5,0.07047044756193599,0.2770675107820548
M/M/1,0.5,long,Linear Regression,0.7393191606871012,0.026104942844388124,1.0758990334011282,0.06875129354295723,5,0.07147569749435445,0.2806413914200707
M/M/1,0.5,long,Naive (persistence),0.7962302749556801,0.05260555275701567,1.4956365581348057,0.09498257538388837,5,0.0,0.0
M/M/1,0.5,long,Random Forest,0.7399619765326266,0.0271247480941618,1.0789173627368698,0.07215276509241199,5,0.07066837345036336,0.2786233013170142
M/M/1,0.5,medium,Decision Tree,0.7214132650430479,0.021557715943806528,1.06006462555524,0.05513721284488648,5,0.012184294447378008,0.2308059362373006
M/M/1,0.5,medium,Linear Regression,0.7207938780508215,0.02200225875760907,1.0595836863850976,0.05595581782682134,5,0.013032407766585874,0.23115491076751915
M/M/1,0.5,medium,Naive (persistence),0.7303115965740408,0.03114395031054115,1.3781497745441205,0.052171571105350145,5,0.0,0.0
M/M/1,0.5,medium,Random Forest,0.7208972400574319,0.021233023836833897,1.0580153702948365,0.05434716375427328,5,0.01289087638861608,0.2322928974502656
M/M/1,0.5,short,Decision Tree,0.6503412569497208,0.015092484556468977,0.970990488210297,0.034738162261710046,5,-0.07053178769971002,0.16532133728105092
M/M/1,0.5,short,Linear Regression,0.6474085621468577,0.016299211851086185,0.9788072195945938,0.03643437390180455,5,-0.06570425603608476,0.15860195230468133
M/M/1,0.5,short,Naive (persistence),0.6074936442075506,0.02039985246868528,1.163310542822929,0.028658751334179368,5,0.0,0.0
M/M/1,0.5,short,Random Forest,0.6503861932967544,0.014758418097018134,0.9701862825283909,0.03305675444060503,5,-0.07060575776912903,0.16601264510669367
M/M/1,0.7,extra_long,Decision Tree,1.6608511454247492,0.030075812031809427,2.269772603370525,0.038244921843518694,5,0.06597324376054647,0.1614506666371015
M/M/1,0.7,extra_long,Linear Regression,1.6744884926504675,0.02681997309374807,2.3128033366531096,0.0405517017888684,5,0.05830389468730901,0.14555330641051079
M/M/1,0.7,extra_long,Naive (persistence),1.7781622788961755,0.03297110759155016,2.706784816425627,0.020652456756518327,5,0.0,0.0
M/M/1,0.7,extra_long,Random Forest,1.660255609432826,0.029876382894963714,2.2674000228910254,0.0386941599224388,5,0.06630816031962061,0.16232719751798352
M/M/1,0.7,long,Decision Tree,1.741690434497989,0.030386887140042538,2.390542973968128,0.04592985044839862,5,0.0907874671916955,0.18355543608684588
M/M/1,0.7,long,Linear Regression,1.7485773304688315,0.031133785443849583,2.423396544906519,0.05657997482848859,5,0.08719230928945809,0.17233492271817796
M/M/1,0.7,long,Naive (persistence),1.915603196887742,0.02520485211072073,2.927991782455437,0.021650447738346318,5,0.0,0.0
M/M/1,0.7,long,Random Forest,1.7409794335792081,0.03033186441849472,2.3871932266709712,0.04647829402967742,5,0.09115863013396674,0.18469947867508962
M/M/1,0.7,medium,Decision Tree,1.5163563977389423,0.027712714538091304,2.072811972323326,0.029024450907104014,5,0.03921438215956785,0.1343185343123856
M/M/1,0.7,medium,Linear Regression,1.5476586145598428,0.02387388144005969,2.124479422998493,0.026025589634645022,5,0.01938083921881284,0.11274033280350104
M/M/1,0.7,medium,Naive (persistence),1.5782463533824251,0.028985182477287257,2.3944280367339075,0.023279665823989593,5,0.0,0.0
M/M/1,0.7,medium,Random Forest,1.5158476971379624,0.02791543938066232,2.071891672814239,0.029452336298652914,5,0.0395367023093276,0.13470288476893244
M/M/1,0.7,short,Decision Tree,1.259619103267163,0.022862194907762038,1.6998425574600848,0.028336654309693697,5,-0.03589494862476528,0.09004731834345303
M/M/1,0.7,short,Linear Regression,1.260331659494766,0.02077019659357899,1.7407895749488804,0.024491201998381344,5,-0.03648094592733897,0.068127730434417
M/M/1,0.7,short,Naive (persistence),1.2159718559680301,0.023540706981319957,1.8680559898626403,0.025744174349245957,5,0.0,0.0
M/M/1,0.7,short,Random Forest,1.2593769221073092,0.02290364241601751,1.6988068825805898,0.02806870085446982,5,-0.03569578187706046,0.09060173153294815
M/M/1,0.8,extra_long,Decision Tree,2.377339491105551,0.07025725870060458,3.1223125290632305,0.09624601034438623,5,0.04967139723964209,0.11311204881974979
M/M/1,0.8,extra_long,Linear Regression,2.3954976720247716,0.0752318543620771,3.187671437759184,0.08968220590057466,5,0.04241276263310212,0.09454695385082224
M/M/1,0.8,extra_long,Naive (persistence),2.5015973255990054,0.09229740851087086,3.5205264936885525,0.09406485010534418,5,0.0,0.0
M/M/1,0.8,extra_long,Random Forest,2.376465680841467,0.07016911506433682,3.120747268283132,0.09621918982616634,5,0.05002069816635091,0.11355665867651543
M/M/1,0.8,long,Decision Tree,2.556891200272191,0.0815986724602818,3.3837473480848423,0.11215115607314963,5,0.07674830619287609,0.13270024444894657
M/M/1,0.8,long,Linear Regression,2.595916940825027,0.08384117446673849,3.446134544283256,0.10353306804337024,5,0.06265674802894339,0.1167095706644442
M/M/1,0.8,long,Naive (persistence),2.769441114945141,0.09931809761055642,3.901473886539864,0.09915237940610408,5,0.0,0.0
M/M/1,0.8,long,Random Forest,2.55565953125076,0.08064518062925793,3.382067799130977,0.11162158966543038,5,0.07719304178042274,0.13313073533590591
M/M/1,0.8,medium,Decision Tree,2.0974495289690203,0.056388948016459765,2.747998619062377,0.07190844767809432,5,0.020751700022521136,0.09000337660418223
M/M/1,0.8,medium,Linear Regression,2.1084159755104155,0.06174977664273475,2.810303412760577,0.07060768940035411,5,0.015631732183421954,0.06937121489440656
M/M/1,0.8,medium,Naive (persistence),2.1418975442870396,0.07320574904433828,3.0197899073600083,0.06927706595745291,5,0.0,0.0
M/M/1,0.8,medium,Random Forest,2.097064906706249,0.05660340933291391,2.7472572852872448,0.07179243708222899,5,0.020931270825894743,0.09024886844231483
M/M/1,0.8,short,Decision Tree,1.6239399413763649,0.039032635331756244,2.1373593293106437,0.047809023484438565,5,-0.019060034648105795,0.05796805958003004
M/M/1,0.8,short,Linear Regression,1.6231627103937438,0.04195483328046205,2.1800978217070663,0.04565969258309561,5,-0.01857230415272304,0.03913125269842277
M/M/1,0.8,short,Naive (persistence),1.5935665085101014,0.04461397860597672,2.268882017267675,0.04355543842222456,5,0.0,0.0
M/M/1,0.8,short,Random Forest,1.6234753933089863,0.03897040935252529,2.1363602806642636,0.04780994221070213,5,-0.018768519945143725,0.05840838597813114
M/M/1,0.9,extra_long,Decision Tree,3.2246342325661663,0.09600114391721302,4.10867746205065,0.13472744671733522,5,0.023764526611603776,0.058244947966432314
M/M/1,0.9,extra_long,Linear Regression,3.2572070727187414,0.11116220834673532,4.220034472065565,0.13200197082369772,5,0.013903326942874772,0.032720669721296614
M/M/1,0.9,extra_long,Naive (persistence),3.3031315911660615,0.10543964606925149,4.362787811096554,0.10764575118865016,5,0.0,0.0
M/M/1,0.9,extra_long,Random Forest,3.2235514265436165,0.09482902662080103,4.106684491357119,0.13321002335668355,5,0.024092338566006677,0.0587017592485356
M/M/1,0.9,long,Decision Tree,3.5828284494149045,0.12496568308984665,4.586301326799321,0.18572705398777808,5,0.03601887180251184,0.06670170836404232
M/M/1,0.9,long,Linear Regression,3.6314138244842162,0.14343527728383976,4.709790777548814,0.17987989985684194,5,0.022946690051565466,0.041571982860376666
M/M/1,0.9,long,Naive (persistence),3.716699782405803,0.13247668909373506,4.914078776207868,0.14408058330016277,5,0.0,0.0
M/M/1,0.9,long,Random Forest,3.5818069647959248,0.12478846298380745,4.584656382235975,0.18458735931198383,5,0.036293708264637625,0.06703644955120225
M/M/1,0.9,medium,Decision Tree,2.7358874534421966,0.07018232497448322,3.492470006388058,0.09071298249619021,5,0.010480125982189725,0.0465675821760394
M/M/1,0.9,medium,Linear Regression,2.7594652275642444,0.07908535138936994,3.5785406353443805,0.08756646579907197,5,0.0019524813053171108,0.023070593592213195
M/M/1,0.9,medium,Naive (persistence),2.764863572000327,0.07475716643388426,3.66304935840025,0.07244701005554677,5,0.0,0.0
M/M/1,0.9,medium,Random Forest,2.734502465366835,0.0687654784061732,3.490122695984963,0.08893454963095235,5,0.010981050544756732,0.047208389922108074
M/M/1,0.9,short,Decision Tree,2.0358525695423166,0.03925820895297193,2.603732217622567,0.041429057993838406,5,-0.018589046790578267,0.028616912631821978
M/M/1,0.9,short,Linear Regression,2.022823831912377,0.041328299640439194,2.6467034997079155,0.039436636524347535,5,-0.012070436532691131,0.012585472694289335
M/M/1,0.9,short,Naive (persistence),1.9986986665102904,0.03874509092593635,2.6804380799721383,0.0330919457488837,5,0.0,0.0
M/M/1,0.9,short,Random Forest,2.034532412788889,0.038228999002728886,2.601043510698193,0.03995634248461482,5,-0.017928538643178227,0.029619997517260632
M/M/1,0.95,extra_long,Decision Tree,3.8362832785723007,0.10690051250632532,4.846496471575587,0.1294831407660587,5,0.0040511727937827535,0.020940175258071902
M/M/1,0.95,extra_long,Linear Regression,3.8514362325929206,0.08790059093612763,4.918767579301821,0.10640308748418262,5,0.00011726966680547513,0.0063404043762934625
M/M/1,0.95,extra_long,Naive (persistence),3.8518879422084753,0.08640007106786825,4.950153554562493,0.09684936280785446,5,0.0,0.0
M/M/1,0.95,extra_long,Random Forest,3.825937910426186,0.10343962824042623,4.8321806934215665,0.1243942807730822,5,0.006736964359199571,0.023832161940146812
M/M/1,0.95,long,Decision Tree,4.369437866772955,0.13166936266565818,5.529202359322591,0.16139373173854954,5,0.010022865903018596,0.025212237376796565
M/M/1,0.95,long,Linear Regression,4.398754355254709,0.11378739210382198,5.624813016208496,0.1370976101372973,5,0.003380672070797286,0.008356262092838018
M/M/1,0.95,long,Naive (persistence),4.41367554489891,0.10962448088695063,5.672211502166611,0.12674274481552955,5,0.0,0.0
M/M/1,0.95,long,Random Forest,4.360564554477354,0.12675871756058277,5.516323351899861,0.15574534829823894,5,0.01203327926606168,0.027482781664119105
M/M/1,0.95,medium,Decision Tree,3.182519105801861,0.07220276777733103,4.029681800275007,0.09134764938957463,5,-0.0030169026451931646,0.014725650572786408
M/M/1,0.95,medium,Linear Regression,3.181749588695286,0.05716155995587045,4.071543047020147,0.0684075785865226,5,-0.00277437820492743,0.00449039759320502
M/M/1,0.95,medium,Naive (persistence),3.172946634706558,0.054012909545961114,4.089908361683881,0.06133887084500094,5,0.0,0.0
M/M/1,0.95,medium,Random Forest,3.174021707305998,0.0697040890067113,4.016560370604227,0.08445116749556283,5,-0.0003388246709479237,0.01793389596862638
M/M/1,0.95,short,Decision Tree,2.301208384736919,0.05090375054033183,2.920462103295512,0.06156907681456361,5,-0.02139931986503396,0.002418188377989683
M/M/1,0.95,short,Linear Regression,2.268260946741722,0.04114657112936179,2.920426311963714,0.040216891238236956,5,-0.00677548528195393,0.002430414108148926
M/M/1,0.95,short,Naive (persistence),2.2529958068123612,0.03954121976254453,2.9275414500059993,0.037855462532070984,5,0.0,0.0
M/M/1,0.95,short,Random Forest,2.284414983493129,0.04484790693471837,2.899305976355834,0.052822091149888166,5,-0.013945510500182001,0.009644773313152388
M/PH/1 Erlang-2,0.3,extra_long,Decision Tree,0.17874539848820986,0.008962676099815601,0.3812686436104535,0.02391677457432735,5,0.029824687508850145,0.2955194548063519
M/PH/1 Erlang-2,0.3,extra_long,Linear Regression,0.1788039564775958,0.008931812060836635,0.3812586982777716,0.023917644208527895,5,0.029506852665929006,0.29553783107071896
M/PH/1 Erlang-2,0.3,extra_long,Naive (persistence),0.18424030810394426,0.018092413089638052,0.5412053550828009,0.03310544420904861,5,0.0,0.0
M/PH/1 Erlang-2,0.3,extra_long,Random Forest,0.17885705728093715,0.008955011907130588,0.3812731857485443,0.02391909915477474,5,0.029218637758519184,0.29551106217304146
M/PH/1 Erlang-2,0.3,long,Decision Tree,0.17907029132680133,0.00797461658498236,0.3829815089839777,0.02167089780330658,5,0.03592922439252877,0.2966155413337348
M/PH/1 Erlang-2,0.3,long,Linear Regression,0.17914473935735056,0.00798380354925609,0.38298217475931784,0.021696180337919965,5,0.03552841435295018,0.2966143185696686
M/PH/1 Erlang-2,0.3,long,Naive (persistence),0.18574392654311841,0.016081531319917283,0.544483893929324,0.029419024877760783,5,0.0,0.0
M/PH/1 Erlang-2,0.3,long,Random Forest,0.17908818175431995,0.007940989993387805,0.38299508441508295,0.021662219654878873,5,0.03583290669400918,0.29659060867501597
M/PH/1 Erlang-2,0.3,medium,Decision Tree,0.17900398333528836,0.008132020103675777,0.3831474640060579,0.021778740659260186,5,0.020267538441043453,0.28596224300140416
M/PH/1 Erlang-2,0.3,medium,Linear Regression,0.17909049062434187,0.008199552940326272,0.3831180699690638,0.021772009111903457,5,0.019794062948107483,0.2860170220465921
M/PH/1 Erlang-2,0.3,medium,Naive (persistence),0.18270700457393857,0.016287442331377754,0.5365927225145481,0.029141706605556993,5,0.0,0.0
M/PH/1 Erlang-2,0.3,medium,Random Forest,0.17914282590292488,0.008159937876097829,0.3831365696344304,0.02179090090122806,5,0.019507619203353088,0.285982545870173
M/PH/1 Erlang-2,0.3,short,Decision Tree,0.1775888777175239,0.007778939704351037,0.3819239807667627,0.019077207182563866,5,-0.035171606959906176,0.25309486484915533
M/PH/1 Erlang-2,0.3,short,Linear Regression,0.17796050710926795,0.00794989789285236,0.3820101046207601,0.01898517030880784,5,-0.03733784732129353,0.2529264377483472
M/PH/1 Erlang-2,0.3,short,Naive (persistence),0.17155501225450653,0.013434296380692871,0.5113420202816379,0.024149758038562345,5,0.0,0.0
M/PH/1 Erlang-2,0.3,short,Random Forest,0.1778162268265593,0.007672641096804495,0.38183876122547655,0.01872763251363178,5,-0.03649683264726811,0.2532615234414596
M/PH/1 Erlang-2,0.5,extra_long,Decision Tree,0.5837010983838773,0.02066903118055829,0.861400897976579,0.04801765510147329,5,0.06446538196098706,0.2819070446705704
M/PH/1 Erlang-2,0.5,extra_long,Linear Regression,0.584336195893772,0.021000770533732012,0.8618247562725605,0.04848770710906278,5,0.0634474710679257,0.2815537020433254
M/PH/1 Erlang-2,0.5,extra_long,Naive (persistence),0.6239225007059399,0.037003224537387656,1.1995673980416728,0.058003919573646354,5,0.0,0.0
M/PH/1 Erlang-2,0.5,extra_long,Random Forest,0.5837205533741748,0.020654658963936503,0.8610143942236108,0.0480846017984265,5,0.06443420021922341,0.2822292472859459
M/PH/1 Erlang-2,0.5,long,Decision Tree,0.5850113586989186,0.020907707574693794,0.8623568384833099,0.04952113627170777,5,0.07412994036356368,0.29192306804338575
M/PH/1 Erlang-2,0.5,long,Linear Regression,0.5851321575264887,0.02099773081145708,0.8619944965964503,0.04968519683586369,5,0.07393875772065728,0.2922205851733225
M/PH/1 Erlang-2,0.5,long,Naive (persistence),0.631850390462606,0.0402832301157015,1.2178857968164238,0.06537789268298382,5,0.0,0.0
M/PH/1 Erlang-2,0.5,long,Random Forest,0.5849385649393881,0.020866995129873073,0.8619604434502058,0.04953878057424438,5,0.07424514763514145,0.2922485460431623
M/PH/1 Erlang-2,0.5,medium,Decision Tree,0.5780871305363099,0.020795665289547714,0.8545037528803346,0.046092606992786736,5,0.031893426402811786,0.25700786179474844
M/PH/1 Erlang-2,0.5,medium,Linear Regression,0.5791461847475404,0.021326111660980876,0.8571596177302322,0.04702721941996659,5,0.03011985752447177,0.25469858381093846
M/PH/1 Erlang-2,0.5,medium,Naive (persistence),0.5971317066759652,0.03434732174531021,1.1500845149511905,0.0529767043420867,5,0.0,0.0
M/PH/1 Erlang-2,0.5,medium,Random Forest,0.5777397918643735,0.02093080583116875,0.8539997199822003,0.046321926416534515,5,0.0324751048969415,0.2574461190633073
M/PH/1 Erlang-2,0.5,short,Decision Tree,0.5420424153653363,0.01617102320110714,0.8118601640128553,0.03409241022121526,5,-0.047188292394610976,0.19622798609210312
M/PH/1 Erlang-2,0.5,short,Linear Regression,0.5411800002164996,0.017534699302453716,0.8187230800397165,0.036139393055178506,5,-0.04552216623650063,0.18943344180885435
M/PH/1 Erlang-2,0.5,short,Naive (persistence),0.5176169551378816,0.021478858964205726,1.0100627416294756,0.030865798719264887,5,0.0,0.0
M/PH/1 Erlang-2,0.5,short,Random Forest,0.5418621642044954,0.016219386646723392,0.8113857584689894,0.034410277766216184,5,-0.046840059673384005,0.19669766537469957
M/PH/1 Erlang-2,0.7,extra_long,Decision Tree,1.319977278486628,0.02648791251310109,1.830365457615832,0.046303093225832655,5,0.11426646378158756,0.20483638204090626
M/PH/1 Erlang-2,0.7,extra_long,Linear Regression,1.3429588131645724,0.028871370209410323,1.8404129206384794,0.048516837400381006,5,0.09884535289598217,0.20047147392096976
M/PH/1 Erlang-2,0.7,extra_long,Naive (persistence),1.4902645372582297,0.04517428714258239,2.3018727420071587,0.05505803652099178,5,0.0,0.0
M/PH/1 Erlang-2,0.7,extra_long,Random Forest,1.3196704137488082,0.0263118715409042,1.8289993725370608,0.045957978996673664,5,0.11447237671190813,0.20542984885331572
M/PH/1 Erlang-2,0.7,long,Decision Tree,1.353139891859629,0.031230718285940644,1.8774659718731717,0.055739993113510994,5,0.1432728254525104,0.22997294588398343
M/PH/1 Erlang-2,0.7,long,Linear Regression,1.3654946924376254,0.03210207216133706,1.8803465200157785,0.05595285997376489,5,0.13545050533988856,0.22879151301983525
M/PH/1 Erlang-2,0.7,long,Naive (persistence),1.579429171923182,0.05562448308593765,2.438181829894904,0.06559260196912176,5,0.0,0.0
M/PH/1 Erlang-2,0.7,long,Random Forest,1.3526333913747426,0.03128566103062988,1.8758619835195827,0.05542994528697401,5,0.14359351123816655,0.2306308083673808
M/PH/1 Erlang-2,0.7,medium,Decision Tree,1.2541983324228478,0.020838141560077517,1.7197053709042223,0.03694171225166027,5,0.06456749811431528,0.16851224485193417
M/PH/1 Erlang-2,0.7,medium,Linear Regression,1.2764056324252273,0.024344644460276857,1.741157286735757,0.03927306346375294,5,0.048004383920707716,0.15814011620700863
M/PH/1 Erlang-2,0.7,medium,Naive (persistence),1.3407683931171746,0.04049866217024664,2.068226934500062,0.044648936304257064,5,0.0,0.0
M/PH/1 Erlang-2,0.7,medium,Random Forest,1.2535626678141258,0.020751497145392622,1.7183478812920732,0.036890520739363095,5,0.06504160282321592,0.16916859913758087
M/PH/1 Erlang-2,0.7,short,Decision Tree,1.0776095236706449,0.015266271555195348,1.4568677899996616,0.023523580394494155,5,-0.019963287946967556,0.11411125582265769
M/PH/1 Erlang-2,0.7,short,Linear Regression,1.0793966679467448,0.016521314540918063,1.4844678335346395,0.0230294655529958,5,-0.02165482974559363,0.09732828617072564
M/PH/1 Erlang-2,0.7,short,Naive (persistence),1.0565179515820717,0.023085969232664167,1.6445268094613215,0.02113110616045681,5,0.0,0.0
M/PH/1 Erlang-2,0.7,short,Random Forest,1.0772710152402272,0.015204351879855419,1.455940838110878,0.023477430782566745,5,-0.01964288787244839,0.11467491455017165
M/PH/1 Erlang-2,0.8,extra_long,Decision Tree,1.947206973242831,0.08184384611063211,2.5458811362942404,0.11956357064740286,5,0.0671239642347371,0.1356901473374159
M/PH/1 Erlang-2,0.8,extra_long,Linear Regression,1.965279448493801,0.08522300759050193,2.6074840427634,0.12034614193034626,5,0.058465727436974646,0.11477636693545745
M/PH/1 Erlang-2,0.8,extra_long,Naive (persistence),2.087315890417836,0.10325761266066029,2.945565329900411,0.11379750406727387,5,0.0,0.0
M/PH/1 Erlang-2,0.8,extra_long,Random Forest,1.9465836194030914,0.08141044939383495,2.5441748578651215,0.11874880198269495,5,0.06742260319139959,0.13626941760916933
M/PH/1 Erlang-2,0.8,long,Decision Tree,2.064459472164394,0.09609066651795764,2.7090301481548718,0.14325482946741533,5,0.0885181827923357,0.15557457146945552
M/PH/1 Erlang-2,0.8,long,Linear Regression,2.091862562064919,0.09739971103769057,2.7681333588847226,0.1447016213631208,5,0.076419413832997,0.13715164838678773
M/PH/1 Erlang-2,0.8,long,Naive (persistence),2.2649486069715477,0.13151394797867502,3.2081342610312937,0.1451528513136832,5,0.0,0.0
M/PH/1 Erlang-2,0.8,long,Random Forest,2.063484992859272,0.09643395849175539,2.7065528969815986,0.14455509408656006,5,0.08894842624338917,0.15634674961778428
M/PH/1 Erlang-2,0.8,medium,Decision Tree,1.7539584773751542,0.062236353206738565,2.292050398100815,0.08850641854923726,5,0.0393142633217648,0.11039908737967441
M/PH/1 Erlang-2,0.8,medium,Linear Regression,1.777062979625881,0.06371451874331685,2.3514183458492655,0.08591644133855252,5,0.0266593652431395,0.08735693239862397
M/PH/1 Erlang-2,0.8,medium,Naive (persistence),1.8257359409121858,0.07147536665920874,2.576492858297059,0.07638392116415008,5,0.0,0.0
M/PH/1 Erlang-2,0.8,medium,Random Forest,1.7535006746184791,0.06206517767062266,2.291040441521065,0.08824034579968723,5,0.03956501303119231,0.11079107627127871
M/PH/1 Erlang-2,0.8,short,Decision Tree,1.3994104818718456,0.03999933615965765,1.837369359170942,0.05827081620602361,5,-0.0039318677426380955,0.07456765006160004
M/PH/1 Erlang-2,0.8,short,Linear Regression,1.4137202344241495,0.04058928190328891,1.8819723439437308,0.05303427172016086,5,-0.014197630928543203,0.0521023548793762
M/PH/1 Erlang-2,0.8,short,Naive (persistence),1.393929734513209,0.0446771248817133,1.9854172585313705,0.04772302841716908,5,0.0,0.0
M/PH/1 Erlang-2,0.8,short,Random Forest,1.3990662950272073,0.03956288851322301,1.836380422746967,0.057671196573768416,5,-0.003684949382181113,0.07506575010567174
M/PH/1 Erlang-2,0.9,extra_long,Decision Tree,2.789763514054429,0.10139799827460906,3.587333262495533,0.11911307912001232,5,0.029730377940442976,0.06327164707150235
M/PH/1 Erlang-2,0.9,extra_long,Linear Regression,2.828350378731657,0.11735524288732399,3.68249632442413,0.13068380069035648,5,0.016310006493823415,0.0384225651108272
M/PH/1 Erlang-2,0.9,extra_long,Naive (persistence),2.8752456540200617,0.1062445106309752,3.8296409533035254,0.10292239187293843,5,0.0,0.0
M/PH/1 Erlang-2,0.9,extra_long,Random Forest,2.788605166285374,0.10160865650591684,3.584759190389165,0.11939881298298462,5,0.030133247089183635,0.06394379157218921
M/PH/1 Erlang-2,0.9,long,Decision Tree,3.107152764607763,0.11954030454320061,3.9935348088705083,0.14200595074586936,5,0.04084559516419717,0.07478156382721302
M/PH/1 Erlang-2,0.9,long,Linear Regression,3.1609211469592426,0.1437256640276721,4.105058142382052,0.16117786446961158,5,0.0242477048509967,0.04894394147842729
M/PH/1 Erlang-2,0.9,long,Naive (persistence),3.2394708807490438,0.13281605834274066,4.316315642595675,0.12462311967510181,5,0.0,0.0
M/PH/1 Erlang-2,0.9,long,Random Forest,3.105237040606883,0.1197938610788211,3.991053764527411,0.1427956201612154,5,0.041436964579574354,0.07535636987675509
M/PH/1 Erlang-2,0.9,medium,Decision Tree,2.3771481682430697,0.07785039961845984,3.053216908245994,0.09480928330462168,5,0.013140167105095357,0.04992115822549348
M/PH/1 Erlang-2,0.9,medium,Linear Regression,2.4037576540605934,0.08733107773951419,3.126168824864866,0.1001629388895204,5,0.00209338715333951,0.027220487251446768
M/PH/1 Erlang-2,0.9,medium,Naive (persistence),2.4088002054656767,0.0819804234161871,3.2136458302169517,0.08174160757820091,5,0.0,0.0
M/PH/1 Erlang-2,0.9,medium,Random Forest,2.375350599829339,0.07713904459994396,3.051192549325445,0.09367307787079919,5,0.013886417628344194,0.05055108418109022
M/PH/1 Erlang-2,0.9,short,Decision Tree,1.7757568282837561,0.04831129118944595,2.2807124012684614,0.059773398957778744,5,-0.012387954499503806,0.032835265037366335
M/PH/1 Erlang-2,0.9,short,Linear Regression,1.780865102555347,0.05176412455686544,2.32216890471241,0.05929390953192612,5,-0.015300265047021977,0.01525511414085512
M/PH/1 Erlang-2,0.9,short,Naive (persistence),1.7540280091159723,0.05154799135882276,2.358142639843642,0.05109844251779008,5,0.0,0.0
M/PH/1 Erlang-2,0.9,short,Random Forest,1.774735158929703,0.048070557942728166,2.2787534598547805,0.05851252054153617,5,-0.011805484123464494,0.03366597874423982
M/PH/1 Erlang-2,0.95,extra_long,Decision Tree,3.1614862488791493,0.051050784700023756,4.015885502334852,0.053556921588946406,5,0.019876101527494416,0.04172503919416781
M/PH/1 Erlang-2,0.95,extra_long,Linear Regression,3.2053160429521186,0.049247004387300994,4.1211502281103325,0.05012905448443026,5,0.006287989717336795,0.016606655986258212
M/PH/1 Erlang-2,0.95,extra_long,Naive (persistence),3.2255985736152675,0.04994144270452606,4.190744480016273,0.048583934903813415,5,0.0,0.0
M/PH/1 Erlang-2,0.95,extra_long,Random Forest,3.160686791855999,0.051072661328689734,4.014646296033013,0.05398498029528642,5,0.02012394917651361,0.04202073994799527
M/PH/1 Erlang-2,0.95,long,Decision Tree,3.555965110823723,0.0811440807473189,4.524196716488754,0.07604194981831844,5,0.02850784802404227,0.04766257867870538
M/PH/1 Erlang-2,0.95,long,Linear Regression,3.6164977488981953,0.08058262302377951,4.649874131795836,0.07558455685810822,5,0.011970289022478098,0.02120764908299111
M/PH/1 Erlang-2,0.95,long,Naive (persistence),3.6603127504335466,0.0796273072911431,4.7506236919807066,0.07236552740840707,5,0.0,0.0
M/PH/1 Erlang-2,0.95,long,Random Forest,3.554872511725878,0.081525023197637,4.522486087734691,0.07684487412180606,5,0.02880634686071004,0.0480226637675224
M/PH/1 Erlang-2,0.95,medium,Decision Tree,2.6604501635505917,0.029884486020388845,3.3747620431950835,0.03971567646722876,5,0.009209763203392618,0.03333382498804982
M/PH/1 Erlang-2,0.95,medium,Linear Regression,2.6856012153560593,0.028589132593923986,3.450536763330134,0.03752517083464894,5,-0.00015685336226622937,0.01162892907598101
M/PH/1 Erlang-2,0.95,medium,Naive (persistence),2.6851800358391475,0.030833430236064954,3.4911349237531395,0.03825181081050288,5,0.0,0.0
M/PH/1 Erlang-2,0.95,medium,Random Forest,2.6600305324667963,0.029680044583331802,3.3729520275613645,0.039352507339881916,5,0.009366039906702817,0.033852285509699764
M/PH/1 Erlang-2,0.95,short,Decision Tree,1.9550629842960578,0.02167380085857347,2.4774882314119937,0.02464662203563735,5,-0.010397246475061017,0.021478832889518795
M/PH/1 Erlang-2,0.95,short,Linear Regression,1.9499993122733716,0.020197793223131033,2.5156122671390153,0.021722896941236466,5,-0.007780287169979028,0.0064211726909452205
M/PH/1 Erlang-2,0.95,short,Naive (persistence),1.9349448854068243,0.021084236197507333,2.5318698406166105,0.021625228288674542,5,0.0,0.0
M/PH/1 Erlang-2,0.95,short,Random Forest,1.9525549407812015,0.020643459775375093,2.475174839776102,0.02401485552027645,5,-0.009101063036570434,0.022392541642938912
PH/PH/1 E2/E2,0.3,extra_long,Decision Tree,0.07594797327485302,0.0015946884112771598,0.21365400728413703,0.0060425249564795185,5,-0.012833914437903715,0.2909116416365146
PH/PH/1 E2/E2,0.3,extra_long,Linear Regression,0.07595825504796716,0.0016011147485773482,0.2136509803459937,0.006048011745442207,5,-0.012971031046307147,0.2909216876292212
PH/PH/1 E2/E2,0.3,extra_long,Naive (persistence),0.07498561431663961,0.0033304498780161685,0.301308017208507,0.009559040357353667,5,0.0,0.0
PH/PH/1 E2/E2,0.3,extra_long,Random Forest,0.07604355915305652,0.001611108905323596,0.2136666186006874,0.006056593752533235,5,-0.01410863731741352,0.29086978640588645
PH/PH/1 E2/E2,0.3,long,Decision Tree,0.07582438736602623,0.001698471881934978,0.2134333043057705,0.006034687782948982,5,-0.01077198247895117,0.29156031517890757
PH/PH/1 E2/E2,0.3,long,Linear Regression,0.07583692373070919,0.0016895504710736497,0.2134000986303517,0.006017655509693672,5,-0.010939097659486752,0.291670533302103
PH/PH/1 E2/E2,0.3,long,Naive (persistence),0.07501631295721559,0.003421811113296991,0.30127237205757385,0.008963323483174667,5,0.0,0.0
PH/PH/1 E2/E2,0.3,long,Random Forest,0.07579231746089599,0.0016969354758673205,0.21342207675167885,0.00602538010094508,5,-0.010344476728987972,0.29159758230039956
PH/PH/1 E2/E2,0.3,medium,Decision Tree,0.07599040569573008,0.0018000907093434248,0.21392926399225076,0.006850059916245898,5,-0.015447872004025642,0.28963378242159277
PH/PH/1 E2/E2,0.3,medium,Linear Regression,0.07603636900521842,0.0018103086793279557,0.21387598084546391,0.006809044255543539,5,-0.016062072499244184,0.2898107126214976
PH/PH/1 E2/E2,0.3,medium,Naive (persistence),0.07483437386673536,0.0033627027927684745,0.3011534877341463,0.009735167130585124,5,0.0,0.0
PH/PH/1 E2/E2,0.3,medium,Random Forest,0.0759343298677474,0.0018491519989675843,0.2141634559593896,0.0071845894502144125,5,-0.014698539510343611,0.288856132563041
PH/PH/1 E2/E2,0.3,short,Decision Tree,0.07582702877813549,0.0018941723431650027,0.21431274937935668,0.00708147880708072,5,-0.03971190423728821,0.2759332707008577
PH/PH/1 E2/E2,0.3,short,Linear Regression,0.07583283691636677,0.0018294388288451243,0.21384120022187444,0.00648320948678859,5,-0.039791543259914075,0.27752642396472427
PH/PH/1 E2/E2,0.3,short,Naive (persistence),0.07293080753342021,0.0030431224095169903,0.2959848045867263,0.0073066483185625425,5,0.0,0.0
PH/PH/1 E2/E2,0.3,short,Random Forest,0.07578218356143113,0.0018404173503335835,0.21405435952397797,0.006802590808816043,5,-0.039097003371370675,0.27680625421681726
PH/PH/1 E2/E2,0.5,extra_long,Decision Tree,0.33656628370785996,0.011306029020990859,0.5527182424903663,0.032128561350828054,5,0.03687025397161281,0.28531011903333536
PH/PH/1 E2/E2,0.5,extra_long,Linear Regression,0.3365469872694567,0.011310106595369334,0.5517311652314572,0.031806588500442934,5,0.03692547332874463,0.2865864549210313
PH/PH/1 E2/E2,0.5,extra_long,Naive (persistence),0.3494506166959774,0.02214867953121788,0.7733679421104701,0.037164635244660384,5,0.0,0.0
PH/PH/1 E2/E2,0.5,extra_long,Random Forest,0.3365537593365616,0.011227912465545097,0.5516609234843763,0.031425636261406806,5,0.03690609414673329,0.28667728070169285
PH/PH/1 E2/E2,0.5,long,Decision Tree,0.3366583591824784,0.011259840003153382,0.5525451420829997,0.03243450939898868,5,0.04229026698097804,0.2907386557477365
PH/PH/1 E2/E2,0.5,long,Linear Regression,0.3365886258349098,0.011230569526044879,0.5519449473759597,0.03239929848873858,5,0.042488641100796753,0.29150908131536246
PH/PH/1 E2/E2,0.5,long,Naive (persistence),0.3515244207879338,0.02067460879727943,0.7790430799038097,0.03939050331441537,5,0.0,0.0
PH/PH/1 E2/E2,0.5,long,Random Forest,0.3366902286209547,0.011281267321783197,0.5521224060848272,0.032435414696892054,5,0.042199606313918614,0.29128129069191
PH/PH/1 E2/E2,0.5,medium,Decision Tree,0.3354577673309601,0.011167842025908719,0.5509958113546963,0.02991225735364909,5,0.013018240739703923,0.2688099138367058
PH/PH/1 E2/E2,0.5,medium,Linear Regression,0.3356332211729092,0.011445553155964702,0.5503765009542052,0.030493336175819563,5,0.01250202153579727,0.2696317596942698
PH/PH/1 E2/E2,0.5,medium,Naive (persistence),0.3398824387416972,0.01776258830166488,0.753560287237872,0.030039900653516683,5,0.0,0.0
PH/PH/1 E2/E2,0.5,medium,Random Forest,0.33545121736507044,0.011111880680954485,0.5500491256718556,0.028965388175536597,5,0.01303751200865777,0.2700661977716128
PH/PH/1 E2/E2,0.5,short,Decision Tree,0.3239291677180642,0.01040817084142583,0.5358122163804029,0.024362629087903924,5,-0.06016079588852996,0.21730732277684495
PH/PH/1 E2/E2,0.5,short,Linear Regression,0.3241370493501196,0.011399177316633532,0.536765081746021,0.02552590305572261,5,-0.06084115436949977,0.21591541583398544
PH/PH/1 E2/E2,0.5,short,Naive (persistence),0.30554720470169466,0.01560827512653549,0.6845754815049029,0.022158900364872034,5,0.0,0.0
PH/PH/1 E2/E2,0.5,short,Random Forest,0.3237493558966803,0.010462491226715628,0.5340997891818964,0.02361413621418117,5,-0.059572304753225946,0.21980876672973393
PH/PH/1 E2/E2,0.7,extra_long,Decision Tree,0.8933291664243864,0.03311494275760617,1.2205185846762003,0.08070142942834858,5,0.08072744624435679,0.22720172235214942
PH/PH/1 E2/E2,0.7,extra_long,Linear Regression,0.8972190263619113,0.03522102660307127,1.2298749329954979,0.08799438990208527,5,0.07672461994816315,0.22127754392749666
PH/PH/1 E2/E2,0.7,extra_long,Naive (persistence),0.9717783510175885,0.03641428986224,1.5793495145862209,0.06594964376776741,5,0.0,0.0
PH/PH/1 E2/E2,0.7,extra_long,Random Forest,0.892643952528344,0.032892579534861965,1.2187570755047594,0.08005025329834514,5,0.0814325596020734,0.2283170607589886
PH/PH/1 E2/E2,0.7,long,Decision Tree,0.9044276234021551,0.03720839738215066,1.2425059232089872,0.09436759270955618,5,0.10842050537865477,0.24883019847201837
PH/PH/1 E2/E2,0.7,long,Linear Regression,0.9060806174173553,0.038639903769763055,1.2472133088493074,0.0988739261826944,5,0.10679099348566268,0.24598429981583925
PH/PH/1 E2/E2,0.7,long,Naive (persistence),1.0144105252064668,0.042723530163684055,1.6540946144021778,0.0823124594821226,5,0.0,0.0
PH/PH/1 E2/E2,0.7,long,Random Forest,0.9041538057437386,0.03705143360424412,1.241169347832931,0.09400286430750981,5,0.10869043323489491,0.24963823893380244
PH/PH/1 E2/E2,0.7,medium,Decision Tree,0.861915046830615,0.02701275722386316,1.1670482764544965,0.061938754666049305,5,0.032371745540125674,0.19313854185164447
PH/PH/1 E2/E2,0.7,medium,Linear Regression,0.8672271916296289,0.029802118717730537,1.1832059724780688,0.07132850791287007,5,0.026408070328503452,0.18196760536433476
PH/PH/1 E2/E2,0.7,medium,Naive (persistence),0.8907501851645827,0.02702483629901355,1.4464047881686206,0.04923257467439092,5,0.0,0.0
PH/PH/1 E2/E2,0.7,medium,Random Forest,0.8615043625350381,0.026962805772268783,1.1658407279472067,0.06145693387708937,5,0.032832799943949276,0.1939734039297898
PH/PH/1 E2/E2,0.7,short,Decision Tree,0.7653032362318579,0.01796003415555812,1.0278299909603816,0.037843158101538356,5,-0.051280181903955,0.13941685634710155
PH/PH/1 E2/E2,0.7,short,Linear Regression,0.763851426710793,0.020581093103881024,1.0486307201666052,0.04458415808449237,5,-0.04928586317493733,0.1220007884292561
PH/PH/1 E2/E2,0.7,short,Naive (persistence),0.7279726655227445,0.017093671618799704,1.1943413004786199,0.029622291757521572,5,0.0,0.0
PH/PH/1 E2/E2,0.7,short,Random Forest,0.7649351204209673,0.01752615860726827,1.026904937812813,0.037146474936004335,5,-0.05077450933089733,0.14019138633044714
PH/PH/1 E2/E2,0.8,extra_long,Decision Tree,1.344913076574296,0.027854121146533233,1.7899347313766576,0.03157647750925444,5,0.09917833634290973,0.1729036165868777
PH/PH/1 E2/E2,0.8,extra_long,Linear Regression,1.3779376156227963,0.031626993005064094,1.82180441346893,0.02604836698107274,5,0.07705852746800868,0.15817721436841736
PH/PH/1 E2/E2,0.8,extra_long,Naive (persistence),1.4929848280006008,0.05811465268315301,2.1641186774269956,0.05296872425760979,5,0.0,0.0
PH/PH/1 E2/E2,0.8,extra_long,Random Forest,1.3444345987010577,0.02791128120603689,1.7891515397472866,0.03165198669465957,5,0.09949882042571123,0.17326551523760325
PH/PH/1 E2/E2,0.8,long,Decision Tree,1.4118656140310217,0.026107122700092928,1.869406722418973,0.02468159798878055,5,0.12213901325013743,0.19751817004941463
PH/PH/1 E2/E2,0.8,long,Linear Regression,1.429412068805679,0.031516432918515296,1.897007484665275,0.02333890100107224,5,0.11122908814865107,0.18566996712502215
PH/PH/1 E2/E2,0.8,long,Naive (persistence),1.6083020379550348,0.06690473597148647,2.329531526631682,0.06170517610077496,5,0.0,0.0
PH/PH/1 E2/E2,0.8,long,Random Forest,1.4107282581594194,0.026096325842152455,1.8680940471220535,0.024704445411747277,5,0.12284619128309482,0.1980816633019904
PH/PH/1 E2/E2,0.8,medium,Decision Tree,1.2492689240313273,0.02303861147410156,1.6542035351835225,0.030677516818943568,5,0.05618626933731652,0.1406669990864523
PH/PH/1 E2/E2,0.8,medium,Linear Regression,1.278783514723648,0.023233181095195284,1.6868544683129827,0.02213613324064241,5,0.03388820731524167,0.123705347299356
PH/PH/1 E2/E2,0.8,medium,Naive (persistence),1.3236392769515797,0.034313978593004474,1.9249854636386086,0.03649631795365967,5,0.0,0.0
PH/PH/1 E2/E2,0.8,medium,Random Forest,1.2486458940874012,0.023165171186426123,1.6530009581918343,0.03114469781844259,5,0.05665696400071529,0.1412917191242935
PH/PH/1 E2/E2,0.8,short,Decision Tree,1.0534905102453467,0.01668649252614055,1.3765323709900943,0.023135316435115027,5,-0.01819945507519738,0.0951087233063953
PH/PH/1 E2/E2,0.8,short,Linear Regression,1.0567138630731945,0.01703467430336885,1.4030528528385522,0.016148037685677883,5,-0.021314828266423724,0.0776749504550387
PH/PH/1 E2/E2,0.8,short,Naive (persistence),1.0346602573731911,0.02324392234211808,1.521212997013106,0.021994542055166953,5,0.0,0.0
PH/PH/1 E2/E2,0.8,short,Random Forest,1.0530426522883052,0.016724433058535545,1.3761594258676126,0.023240759408628773,5,-0.01776659998692076,0.09535388629357322
PH/PH/1 E2/E2,0.9,extra_long,Decision Tree,2.054074546745662,0.01883624492277449,2.635626357276399,0.01590931704357596,5,0.04893902614581902,0.09252308861077285
PH/PH/1 E2/E2,0.9,extra_long,Linear Regression,2.0906283878687213,0.02109404670943475,2.716022554403682,0.02645812031845802,5,0.03201416244421329,0.06484173975224228
PH/PH/1 E2/E2,0.9,extra_long,Naive (persistence),2.1597716689199338,0.021896487499628758,2.904345360414298,0.023176561372122515,5,0.0,0.0
PH/PH/1 E2/E2,0.9,extra_long,Random Forest,2.0535474347933045,0.01912059590019174,2.6342618975316747,0.015627167005964157,5,0.04918308525629944,0.09299288802351546
PH/PH/1 E2/E2,0.9,long,Decision Tree,2.2333309129475336,0.020181871299084227,2.87479393238428,0.023051346326554846,5,0.06601195994330977,0.10734558811454165
PH/PH/1 E2/E2,0.9,long,Linear Regression,2.284403464303164,0.0273883646266496,2.9659579977708637,0.04232015428903923,5,0.04465321195625738,0.07903816605690028
PH/PH/1 E2/E2,0.9,long,Naive (persistence),2.3911772069500774,0.02146136629654832,3.2205004468774883,0.022536480254402854,5,0.0,0.0
PH/PH/1 E2/E2,0.9,long,Random Forest,2.232828769296391,0.02029939962678844,2.8736729533290966,0.023015720704136093,5,0.0662219584535344,0.10769366415852122
PH/PH/1 E2/E2,0.9,medium,Decision Tree,1.790038904200318,0.016363874429682092,2.2978467230623387,0.019021841013969462,5,0.02884840982036385,0.07320943453701223
PH/PH/1 E2/E2,0.9,medium,Linear Regression,1.8229262956525527,0.017121824592885512,2.36057791381662,0.0196672954918083,5,0.01100598056882407,0.04790806209653664
PH/PH/1 E2/E2,0.9,medium,Naive (persistence),1.8432126583546142,0.02020469643412435,2.479359208748986,0.022693154040121913,5,0.0,0.0
PH/PH/1 E2/E2,0.9,medium,Random Forest,1.7890350137982918,0.01649644714032121,2.296990243786877,0.019055603212355516,5,0.029393051480389287,0.07355487834057228
PH/PH/1 E2/E2,0.9,short,Decision Tree,1.3903757376893364,0.00945205380896606,1.7768350765677012,0.011941745190670273,5,-0.012891093441760537,0.04889774253461365
PH/PH/1 E2/E2,0.9,short,Linear Regression,1.3958904756181838,0.007900972977285746,1.8135853305682503,0.006741494530404158,5,-0.016908589417401032,0.02922610840081008
PH/PH/1 E2/E2,0.9,short,Naive (persistence),1.3726803865605128,0.009547823051183001,1.8681851111391836,0.01200131389711359,5,0.0,0.0
PH/PH/1 E2/E2,0.9,short,Random Forest,1.3899011669699304,0.009838236378568642,1.775768828395853,0.012539858979626322,5,-0.012545367864231771,0.04946848264248127
PH/PH/1 E2/E2,0.95,extra_long,Decision Tree,2.577331104360866,0.1345962461589826,3.266645172839168,0.1769664542419123,5,0.015777587907703006,0.040866504196825026
PH/PH/1 E2/E2,0.95,extra_long,Linear Regression,2.608923914415978,0.1353625747697687,3.3436139928113717,0.1608589671708479,5,0.0037130333517890746,0.01826736365300452
PH/PH/1 E2/E2,0.95,extra_long,Naive (persistence),2.618647038205398,0.1305185031509818,3.40582951917834,0.14722413850478952,5,0.0,0.0
PH/PH/1 E2/E2,0.95,extra_long,Random Forest,2.5754040440981307,0.13354170076585128,3.263884904799297,0.17537048379678258,5,0.0165134871085576,0.04167695816239436
PH/PH/1 E2/E2,0.95,long,Decision Tree,2.901895232941257,0.17145834426998247,3.68209837492705,0.22170991435906223,5,0.024656342822981125,0.04777934875473078
PH/PH/1 E2/E2,0.95,long,Linear Regression,2.9434368821523758,0.18030387197053316,3.7789570528161605,0.20840154228872904,5,0.010693955895018092,0.022730905191581385
PH/PH/1 E2/E2,0.95,long,Naive (persistence),2.975254118471784,0.17598690623746552,3.8668541478403937,0.19216870909212938,5,0.0,0.0
PH/PH/1 E2/E2,0.95,long,Random Forest,2.90068174682317,0.1710421807343329,3.6799575078880906,0.22097015404944736,5,0.025064202477910524,0.04833299442046024
PH/PH/1 E2/E2,0.95,medium,Decision Tree,2.176191589697743,0.09349222585901394,2.750361328759652,0.12405541196246694,5,0.0006869935605943178,0.03252507192892584
PH/PH/1 E2/E2,0.95,medium,Linear Regression,2.185244833826817,0.09596493764262738,2.803964593128897,0.11221373860824838,5,-0.0034702803905983792,0.013669435108509376
PH/PH/1 E2/E2,0.95,medium,Naive (persistence),2.1776876470882782,0.09454109403510273,2.8428243967450912,0.10277460293963167,5,0.0,0.0
PH/PH/1 E2/E2,0.95,medium,Random Forest,2.1745732100442146,0.09271325200482664,2.747939682534571,0.1228873602629149,5,0.001430157831968204,0.0333769170966588
PH/PH/1 E2/E2,0.95,short,Decision Tree,1.6059864609363976,0.05420303941334452,2.0402057503351436,0.06515732740868384,5,-0.015513171919273594,0.02092337404397393
PH/PH/1 E2/E2,0.95,short,Linear Regression,1.6021991827682078,0.05461836540532545,2.0650644774415134,0.056963745862148724,5,-0.013118362897486024,0.008993891609730187
PH/PH/1 E2/E2,0.95,short,Naive (persistence),1.5814531070051574,0.05408919678035125,2.0838060027660967,0.05258337501068567,5,0.0,0.0
PH/PH/1 E2/E2,0.95,short,Random Forest,1.603617662535005,0.05323512743736558,2.0371028555897994,0.06370771225399167,5,-0.014015309990329738,0.022412425683726034
