queue,rho,threshold_all_runs,threshold_train_only,differs,labels_changed,n_obs
M/M/1,0.3,0.0,0.0,False,0,600000
M/M/1,0.5,1.0,1.0,False,0,600000
M/M/1,0.7,3.0,3.0,False,0,600000
M/M/1,0.8,6.0,6.0,False,0,600000
M/M/1,0.9,14.0,14.0,False,0,600000
M/M/1,0.95,31.0,31.0,False,0,600000
M/G/1 Weibull 2.0,0.3,0.0,0.0,False,0,600000
M/G/1 Weibull 2.0,0.5,1.0,1.0,False,0,600000
M/G/1 Weibull 2.0,0.7,2.0,2.0,False,0,600000
M/G/1 Weibull 2.0,0.8,4.0,4.0,False,0,600000
M/G/1 Weibull 2.0,0.9,9.0,8.0,True,18841,600000
M/G/1 Weibull 2.0,0.95,18.0,18.0,False,0,600000
M/G/1 Weibull 0.5,0.3,0.0,0.0,False,0,600000
M/G/1 Weibull 0.5,0.5,2.0,2.0,False,0,600000
M/G/1 Weibull 0.5,0.7,9.0,9.0,False,0,600000
M/G/1 Weibull 0.5,0.8,18.0,17.0,True,7963,600000
M/G/1 Weibull 0.5,0.9,40.0,40.0,False,0,600000
M/G/1 Weibull 0.5,0.95,89.0,91.0,True,3756,600000
M/PH/1 Erlang-2,0.3,0.0,0.0,False,0,600000
M/PH/1 Erlang-2,0.5,1.0,1.0,False,0,600000
M/PH/1 Erlang-2,0.7,2.0,2.0,False,0,600000
M/PH/1 Erlang-2,0.8,4.0,4.0,False,0,600000
M/PH/1 Erlang-2,0.9,10.0,10.0,False,0,600000
M/PH/1 Erlang-2,0.95,22.0,22.0,False,0,600000
PH/PH/1 E2/E2,0.3,0.0,0.0,False,0,600000
PH/PH/1 E2/E2,0.5,0.0,0.0,False,0,600000
PH/PH/1 E2/E2,0.7,1.0,1.0,False,0,600000
PH/PH/1 E2/E2,0.8,3.0,3.0,False,0,600000
PH/PH/1 E2/E2,0.9,7.0,7.0,False,0,600000
PH/PH/1 E2/E2,0.95,14.0,14.0,False,0,600000
