queue,rho,horizon,model,MAE,RMSE,MAE_n,RMSE_n,MAE_impr_pct,RMSE_impr_pct
M/G/1 Weibull 0.5,0.3,medium,Constant (train median),0.3167263509730399,1.060694275210186,0.44128878177527264,1.1421627041198459,28.226965186181964,7.132821673812195
M/G/1 Weibull 0.5,0.3,medium,Naive (persistence),0.44128878177527264,1.1421627041198459,0.44128878177527264,1.1421627041198459,0.0,0.0
M/G/1 Weibull 0.5,0.3,medium,XGBoost (L1),0.3254258158723059,1.0419331003971357,0.44128878177527264,1.1421627041198459,26.25558833307714,8.775422569934765
M/G/1 Weibull 0.5,0.3,medium,XGBoost (L2),0.5007790137156753,0.9621717743370166,0.44128878177527264,1.1421627041198459,-13.481020682437883,15.758781926041864
M/G/1 Weibull 0.5,0.5,medium,Constant (train median),1.3167885947014533,3.1896689431916965,1.3402336222604427,2.4575035371947522,1.749323936482583,-29.793056039004263
M/G/1 Weibull 0.5,0.5,medium,Naive (persistence),1.3402336222604427,2.4575035371947522,1.3402336222604427,2.4575035371947522,0.0,0.0
M/G/1 Weibull 0.5,0.5,medium,XGBoost (L1),1.2438153722477299,2.3016956500972787,1.3402336222604427,2.4575035371947522,7.19413753029815,6.340088009611932
M/G/1 Weibull 0.5,0.5,medium,XGBoost (L2),1.4314840828059971,2.1925867024545087,1.3402336222604427,2.4575035371947522,-6.808548825364569,10.779916721611194
M/G/1 Weibull 0.5,0.7,medium,Constant (train median),4.236173833655532,7.667880520428821,2.7218585638385795,4.107815841275408,-55.63534012881792,-86.66563489487086
M/G/1 Weibull 0.5,0.7,medium,Naive (persistence),2.7218585638385795,4.107815841275408,2.7218585638385795,4.107815841275408,0.0,0.0
M/G/1 Weibull 0.5,0.7,medium,XGBoost (L1),2.6782170887139434,3.8587956784862643,2.7218585638385795,4.107815841275408,1.603370421389183,6.0621062971466415
M/G/1 Weibull 0.5,0.7,medium,XGBoost (L2),2.7953908693047227,3.8117472009336324,2.7218585638385795,4.107815841275408,-2.7015476278988704,7.207446774192561
M/G/1 Weibull 0.5,0.8,medium,Constant (train median),9.188152874306649,15.278898177442116,3.670337958532474,5.128917811764704,-150.335336367237,-197.89711471678103
M/G/1 Weibull 0.5,0.8,medium,Naive (persistence),3.670337958532474,5.128917811764704,3.670337958532474,5.128917811764704,0.0,0.0
M/G/1 Weibull 0.5,0.8,medium,XGBoost (L1),3.6851576331806144,4.989984148423774,3.670337958532474,5.128917811764704,-0.40376866696127944,2.7088299801225846
M/G/1 Weibull 0.5,0.8,medium,XGBoost (L2),3.761545642121301,4.976566048233758,3.670337958532474,5.128917811764704,-2.4849941509281326,2.9704465761077548
M/G/1 Weibull 0.5,0.9,medium,Constant (train median),19.148578079723016,28.197860415909805,4.633871508635879,6.087177712591765,-313.230665633195,-363.2337307580245
M/G/1 Weibull 0.5,0.9,medium,Naive (persistence),4.633871508635879,6.087177712591765,4.633871508635879,6.087177712591765,0.0,0.0
M/G/1 Weibull 0.5,0.9,medium,XGBoost (L1),4.63566513816817,5.964106040617363,4.633871508635879,6.087177712591765,-0.038706932830301355,2.021818284027077
M/G/1 Weibull 0.5,0.9,medium,XGBoost (L2),4.667021941945232,5.951638477353804,4.633871508635879,6.087177712591765,-0.7153938827948236,2.226635094907592
M/G/1 Weibull 0.5,0.95,medium,Constant (train median),51.118527505838166,67.67016547991314,5.104181168639231,6.565407850225867,-901.5029995392249,-930.7077187533004
M/G/1 Weibull 0.5,0.95,medium,Naive (persistence),5.104181168639231,6.565407850225867,5.104181168639231,6.565407850225867,0.0,0.0
M/G/1 Weibull 0.5,0.95,medium,XGBoost (L1),5.322522309661528,6.859793163921111,5.104181168639231,6.565407850225867,-4.2776918335856395,-4.483884633079072
M/G/1 Weibull 0.5,0.95,medium,XGBoost (L2),5.429034985024273,7.06217341949692,5.104181168639231,6.565407850225867,-6.364464850522689,-7.566408372542521
M/G/1 Weibull 2.0,0.3,medium,Constant (train median),0.08118215009665125,0.34261680036051634,0.15215973929672616,0.4665370184393457,46.6467605216264,26.561711757271876
M/G/1 Weibull 2.0,0.3,medium,Naive (persistence),0.15215973929672616,0.4665370184393457,0.15215973929672616,0.4665370184393457,0.0,0.0
M/G/1 Weibull 2.0,0.3,medium,XGBoost (L1),0.08173789942809931,0.3424576579295385,0.15215973929672616,0.4665370184393457,46.28151979893806,26.595823183522725
M/G/1 Weibull 2.0,0.3,medium,XGBoost (L2),0.15123488390613912,0.3329678057454033,0.15215973929672616,0.4665370184393457,0.6078187271229996,28.629928047458396
M/G/1 Weibull 2.0,0.5,medium,Constant (train median),0.31594745000057484,0.8077920428519075,0.5186876682938253,1.0157543769378896,39.087148333436474,20.47368328482215
M/G/1 Weibull 2.0,0.5,medium,Naive (persistence),0.5186876682938253,1.0157543769378896,0.5186876682938253,1.0157543769378896,0.0,0.0
M/G/1 Weibull 2.0,0.5,medium,XGBoost (L1),0.34106451148649214,0.7901971491104328,0.5186876682938253,1.0157543769378896,34.24472330171411,22.20588293278395
M/G/1 Weibull 2.0,0.5,medium,XGBoost (L2),0.5015323340500862,0.7421395203607132,0.5186876682938253,1.0157543769378896,3.3074497992539365,26.93710829994358
M/G/1 Weibull 2.0,0.7,medium,Constant (train median),1.0627859703146034,2.044083897136803,1.2050033875455035,1.8752092670039424,11.8022421099235,-9.005641829121025
M/G/1 Weibull 2.0,0.7,medium,Naive (persistence),1.2050033875455035,1.8752092670039424,1.2050033875455035,1.8752092670039424,0.0,0.0
M/G/1 Weibull 2.0,0.7,medium,XGBoost (L1),1.0544569622526123,1.5996633434080283,1.2050033875455035,1.8752092670039424,12.493444155334899,14.694142592211001
M/G/1 Weibull 2.0,0.7,medium,XGBoost (L2),1.1287970887073402,1.5512282085116822,1.2050033875455035,1.8752092670039424,6.324156398712666,17.27706150950773
M/G/1 Weibull 2.0,0.8,medium,Constant (train median),1.8796789465309782,3.005126995012834,1.6712934640344632,2.3635638510966586,-12.468515373325118,-27.14388881935641
M/G/1 Weibull 2.0,0.8,medium,Naive (persistence),1.6712934640344632,2.3635638510966586,1.6712934640344632,2.3635638510966586,0.0,0.0
M/G/1 Weibull 2.0,0.8,medium,XGBoost (L1),1.5089211438703987,2.106409551188741,1.6712934640344632,2.3635638510966586,9.71536858476677,10.879938775024067
M/G/1 Weibull 2.0,0.8,medium,XGBoost (L2),1.5723119185526058,2.073911196996851,1.6712934640344632,2.3635638510966586,5.9224515389965315,12.254911326614382
M/G/1 Weibull 2.0,0.9,medium,Constant (train median),4.530918668789495,6.976404771566701,2.2241603912621657,2.966100780418798,-103.71366591139997,-135.20457624442784
M/G/1 Weibull 2.0,0.9,medium,Naive (persistence),2.2241603912621657,2.966100780418798,2.2241603912621657,2.966100780418798,0.0,0.0
M/G/1 Weibull 2.0,0.9,medium,XGBoost (L1),2.1498543399267787,2.831035154927581,2.2241603912621657,2.966100780418798,3.340858493268095,4.553642491950205
M/G/1 Weibull 2.0,0.9,medium,XGBoost (L2),2.1834843605021286,2.812481244841242,2.2241603912621657,2.966100780418798,1.8288263256479587,5.179174510579698
M/G/1 Weibull 2.0,0.95,medium,Constant (train median),7.517560698867138,10.977922164187486,2.4735513214240767,3.220164089567916,-203.91771675629178,-240.91188706040478
M/G/1 Weibull 2.0,0.95,medium,Naive (persistence),2.4735513214240767,3.220164089567916,2.4735513214240767,3.220164089567916,0.0,0.0
M/G/1 Weibull 2.0,0.95,medium,XGBoost (L1),2.4326734631998512,3.1123485781546716,2.4735513214240767,3.220164089567916,1.6525979416789016,3.348137188490641
M/G/1 Weibull 2.0,0.95,medium,XGBoost (L2),2.4515772153701114,3.1063981164013894,2.4735513214240767,3.220164089567916,0.8883626494280428,3.53292472067136
M/M/1,0.3,medium,Constant (train median),0.12643410477866962,0.4762807682091764,0.23168171661332354,0.6391004973249425,45.42767265934585,25.476389049495985
M/M/1,0.3,medium,Naive (persistence),0.23168171661332354,0.6391004973249425,0.23168171661332354,0.6391004973249425,0.0,0.0
M/M/1,0.3,medium,XGBoost (L1),0.12822049830563703,0.4756980052421037,0.23168171661332354,0.6391004973249425,44.656617630455116,25.567573920969554
M/M/1,0.3,medium,XGBoost (L2),0.23180086197460165,0.45958073103399616,0.23168171661332354,0.6391004973249425,-0.051426311501723276,28.08944243391377
M/M/1,0.5,medium,Constant (train median),0.48486112639578244,1.1800415869338414,0.7303115965740408,1.3781497745441205,33.60900625564337,14.374938868731558
M/M/1,0.5,medium,Naive (persistence),0.7303115965740408,1.3781497745441205,0.7303115965740408,1.3781497745441205,0.0,0.0
M/M/1,0.5,medium,XGBoost (L1),0.5386832673065066,1.1218864447456744,0.7303115965740408,1.3781497745441205,26.239255978746655,18.59473727253017
M/M/1,0.5,medium,XGBoost (L2),0.721334005355386,1.059054951673701,0.7303115965740408,1.3781497745441205,1.2292823037138412,23.153856624616388
M/M/1,0.7,medium,Constant (train median),1.6296676675583026,3.079963055723719,1.5782463533824251,2.3944280367339075,-3.2581297631813833,-28.630428999023415
M/M/1,0.7,medium,Naive (persistence),1.5782463533824251,2.3944280367339075,1.5782463533824251,2.3944280367339075,0.0,0.0
M/M/1,0.7,medium,XGBoost (L1),1.432219736006407,2.1202636095660106,1.5782463533824251,2.3944280367339075,9.252460305899678,11.450100941094387
M/M/1,0.7,medium,XGBoost (L2),1.517133527730782,2.0752092548316265,1.5782463533824251,2.3944280367339075,3.8721981217107793,13.331734218152057
M/M/1,0.8,medium,Constant (train median),2.8100112692522274,4.206222183764456,2.1418975442870396,3.0197899073600083,-31.192608943747537,-39.28857015889766
M/M/1,0.8,medium,Naive (persistence),2.1418975442870396,3.0197899073600083,2.1418975442870396,3.0197899073600083,0.0,0.0
M/M/1,0.8,medium,XGBoost (L1),2.021410661140848,2.783661328164972,2.1418975442870396,3.0197899073600083,5.6252402673302,7.819371096629268
M/M/1,0.8,medium,XGBoost (L2),2.0987385299249572,2.7499050623477936,2.1418975442870396,3.0197899073600083,2.0149896747955087,8.937206007425736
M/M/1,0.9,medium,Constant (train median),6.218194512727295,9.135485470332453,2.764863572000327,3.66304935840025,-124.90059096219879,-149.39564216852813
M/M/1,0.9,medium,Naive (persistence),2.764863572000327,3.66304935840025,2.764863572000327,3.66304935840025,0.0,0.0
M/M/1,0.9,medium,XGBoost (L1),2.703730000559646,3.5000691430020274,2.764863572000327,3.66304935840025,2.2110881730215803,4.449304375996732
M/M/1,0.9,medium,XGBoost (L2),2.7358925756463313,3.4908251623331568,2.764863572000327,3.66304935840025,1.047827337572249,4.701661900136333
M/M/1,0.95,medium,Constant (train median),14.698076919831617,21.84586353460461,3.172946634706558,4.089908361683881,-363.23114164795686,-434.14066044282504
M/M/1,0.95,medium,Naive (persistence),3.172946634706558,4.089908361683881,3.172946634706558,4.089908361683881,0.0,0.0
M/M/1,0.95,medium,XGBoost (L1),3.1618124314740434,4.020452386795165,3.172946634706558,4.089908361683881,0.35091051046133304,1.6982281446550562
M/M/1,0.95,medium,XGBoost (L2),3.174276916031043,4.014827349469024,3.172946634706558,4.089908361683881,-0.04192573899397534,1.8357627011463262
M/PH/1 Erlang-2,0.3,medium,Constant (train median),0.09814342522138572,0.3955134897355971,0.1827070045739386,0.5365927225145481,46.283709565350215,26.29167837346622
M/PH/1 Erlang-2,0.3,medium,Naive (persistence),0.1827070045739386,0.5365927225145481,0.1827070045739386,0.5365927225145481,0.0,0.0
M/PH/1 Erlang-2,0.3,medium,XGBoost (L1),0.09896356254843255,0.39527314976769323,0.1827070045739386,0.5365927225145481,45.83482840233223,26.33646838977087
M/PH/1 Erlang-2,0.3,medium,XGBoost (L2),0.17900015157336086,0.3832345029143268,0.1827070045739386,0.5365927225145481,2.028851060867587,28.5800036350779
M/PH/1 Erlang-2,0.5,medium,Constant (train median),0.37473397453643714,0.939579650077788,0.5971317066759652,1.1500845149511905,37.24433481811621,18.303425716703636
M/PH/1 Erlang-2,0.5,medium,Naive (persistence),0.5971317066759652,1.1500845149511905,0.5971317066759652,1.1500845149511905,0.0,0.0
M/PH/1 Erlang-2,0.5,medium,XGBoost (L1),0.40859775752503313,0.9081402272380894,0.5971317066759652,1.1500845149511905,31.573260478904764,21.03708767206288
M/PH/1 Erlang-2,0.5,medium,XGBoost (L2),0.5779567734776574,0.8540802704961641,0.5971317066759652,1.1500845149511905,3.2111731773628804,25.737608028535952
M/PH/1 Erlang-2,0.7,medium,Constant (train median),1.206022220243859,2.2613100236023858,1.3407683931171746,2.068226934500062,10.049921639340099,-9.335681973844734
M/PH/1 Erlang-2,0.7,medium,Naive (persistence),1.3407683931171746,2.068226934500062,1.3407683931171746,2.068226934500062,0.0,0.0
M/PH/1 Erlang-2,0.7,medium,XGBoost (L1),1.1782843614496055,1.7716023005909598,1.3407683931171746,2.068226934500062,12.118724792565205,14.341977128385242
M/PH/1 Erlang-2,0.7,medium,XGBoost (L2),1.254616508506976,1.7201047884080416,1.3407683931171746,2.068226934500062,6.425560525774521,16.831912411786153
M/PH/1 Erlang-2,0.8,medium,Constant (train median),2.166564803010501,3.473713894356705,1.8257359409121854,2.576492858297059,-18.668026107216164,-34.82334651812957
M/PH/1 Erlang-2,0.8,medium,Naive (persistence),1.8257359409121854,2.576492858297059,1.8257359409121854,2.576492858297059,0.0,0.0
M/PH/1 Erlang-2,0.8,medium,XGBoost (L1),1.6791789677053086,2.325682647937015,1.8257359409121854,2.576492858297059,8.027282035848682,9.734558725919307
M/PH/1 Erlang-2,0.8,medium,XGBoost (L2),1.7548156254975644,2.2931400666124473,1.8257359409121854,2.576492858297059,3.8844782438355985,10.997616033443801
M/PH/1 Erlang-2,0.9,medium,Constant (train median),4.9245025020882185,7.283394354851758,2.4088002054656767,3.2136458302169517,-104.43798082191704,-126.63960932994472
M/PH/1 Erlang-2,0.9,medium,Naive (persistence),2.4088002054656767,3.2136458302169517,2.4088002054656767,3.2136458302169517,0.0,0.0
M/PH/1 Erlang-2,0.9,medium,XGBoost (L1),2.342112393638505,3.068778230874983,2.4088002054656767,3.2136458302169517,2.7685073953354067,4.507889387804398
M/PH/1 Erlang-2,0.9,medium,XGBoost (L2),2.379938839918199,3.056069863099655,2.4088002054656767,3.2136458302169517,1.198163528963092,4.903339553962582
M/PH/1 Erlang-2,0.95,medium,Constant (train median),7.775495474446961,10.053144818384059,2.6851800358391475,3.4911349237531395,-189.57073159591832,-187.96208218662716
M/PH/1 Erlang-2,0.95,medium,Naive (persistence),2.6851800358391475,3.4911349237531395,2.6851800358391475,3.4911349237531395,0.0,0.0
M/PH/1 Erlang-2,0.95,medium,XGBoost (L1),2.641386118701546,3.378056957521025,2.6851800358391475,3.4911349237531395,1.6309490072577315,3.239003037744248
M/PH/1 Erlang-2,0.95,medium,XGBoost (L2),2.66012607548253,3.3735070925162787,2.6851800358391475,3.4911349237531395,0.9330458301574529,3.369329281333111
PH/PH/1 E2/E2,0.3,medium,Constant (train median),0.039062001823232426,0.21740105503258805,0.0748343738667354,0.3011534877341463,47.802059662056095,27.810547150459573
PH/PH/1 E2/E2,0.3,medium,Naive (persistence),0.0748343738667354,0.3011534877341463,0.0748343738667354,0.3011534877341463,0.0,0.0
PH/PH/1 E2/E2,0.3,medium,XGBoost (L1),0.039134442179981924,0.2173870827353611,0.0748343738667354,0.3011534877341463,47.70525874957904,27.815186743821783
PH/PH/1 E2/E2,0.3,medium,XGBoost (L2),0.07608910259803603,0.21452735109451626,0.0748343738667354,0.3011534877341463,-1.676674322865379,28.76477947886238
PH/PH/1 E2/E2,0.5,medium,Constant (train median),0.19882569652432325,0.5862060485654259,0.3398824387416972,0.753560287237872,41.501627074228985,22.208473762049298
PH/PH/1 E2/E2,0.5,medium,Naive (persistence),0.3398824387416972,0.753560287237872,0.3398824387416972,0.753560287237872,0.0,0.0
PH/PH/1 E2/E2,0.5,medium,XGBoost (L1),0.20644773052329515,0.5813686652598227,0.3398824387416972,0.753560287237872,39.25907696567087,22.850410895352113
PH/PH/1 E2/E2,0.5,medium,XGBoost (L2),0.33562282953431627,0.5515711726231943,0.3398824387416972,0.753560287237872,1.2532595750315179,26.804638996443952
PH/PH/1 E2/E2,0.7,medium,Constant (train median),0.7119487593515355,1.4463055048902709,0.8907501851645827,1.4464047881686206,20.07312811054991,0.006864141985829519
PH/PH/1 E2/E2,0.7,medium,Naive (persistence),0.8907501851645827,1.4464047881686206,0.8907501851645827,1.4464047881686206,0.0,0.0
PH/PH/1 E2/E2,0.7,medium,XGBoost (L1),0.7695159635050342,1.2101986809661376,0.8907501851645827,1.4464047881686206,13.610350430311534,16.330567288950814
PH/PH/1 E2/E2,0.7,medium,XGBoost (L2),0.8623115596543682,1.1677401993603467,0.8907501851645827,1.4464047881686206,3.1926600728081733,19.266016753242898
PH/PH/1 E2/E2,0.8,medium,Constant (train median),1.3660808171849181,2.044732182539233,1.3236392769515797,1.9249854636386086,-3.206427987773508,-6.220655748448034
PH/PH/1 E2/E2,0.8,medium,Naive (persistence),1.3236392769515797,1.9249854636386086,1.3236392769515797,1.9249854636386086,0.0,0.0
PH/PH/1 E2/E2,0.8,medium,XGBoost (L1),1.209346253201526,1.6859080162729534,1.3236392769515797,1.9249854636386086,8.634756140908518,12.419701440952746
PH/PH/1 E2/E2,0.8,medium,XGBoost (L2),1.2494016942595405,1.6546292864590064,1.3236392769515797,1.9249854636386086,5.608596238018315,14.044582792255211
PH/PH/1 E2/E2,0.9,medium,Constant (train median),2.851204246156928,4.4067859813982855,1.8432126583546142,2.479359208748986,-54.68666804307431,-77.73890793427323
PH/PH/1 E2/E2,0.9,medium,Naive (persistence),1.8432126583546142,2.479359208748986,1.8432126583546142,2.479359208748986,0.0,0.0
PH/PH/1 E2/E2,0.9,medium,XGBoost (L1),1.7479705115383193,2.312123188595924,1.8432126583546142,2.479359208748986,5.16718168056175,6.7451307403514456
PH/PH/1 E2/E2,0.9,medium,XGBoost (L2),1.7909240129510795,2.2982302998703785,1.8432126583546142,2.479359208748986,2.836821088794572,7.3054726495238365
PH/PH/1 E2/E2,0.95,medium,Constant (train median),6.626488408191878,9.482760420477401,2.177687647088278,2.842824396745091,-204.29012246324496,-233.56827918512116
PH/PH/1 E2/E2,0.95,medium,Naive (persistence),2.177687647088278,2.842824396745091,2.177687647088278,2.842824396745091,0.0,0.0
PH/PH/1 E2/E2,0.95,medium,XGBoost (L1),2.1587593668081757,2.7529273237746104,2.177687647088278,2.842824396745091,0.8691916999855609,3.162245022007293
PH/PH/1 E2/E2,0.95,medium,XGBoost (L2),2.175494812927,2.749500783825546,2.177687647088278,2.842824396745091,0.10069553198824854,3.282777966391315
M/G/1 Weibull 0.5,0.3,medium,Random Forest,0.5010231771053206,0.961664289244508,0.44128878177527264,1.1421627041198459,-13.536350298718425,15.80321386999154
M/G/1 Weibull 0.5,0.5,medium,Random Forest,1.429160692196284,2.183752335962893,1.3402336222604427,2.4575035371947522,-6.635191690375342,11.139402124496911
M/G/1 Weibull 0.5,0.7,medium,Random Forest,2.796096582656787,3.8158804173271266,2.7218585638385795,4.107815841275408,-2.7274752554927506,7.106828427285105
M/G/1 Weibull 0.5,0.8,medium,Random Forest,3.7748140635853864,5.006289680300099,3.670337958532474,5.128917811764704,-2.846498230770167,2.3909162900470182
M/G/1 Weibull 0.5,0.9,medium,Random Forest,4.679504037112047,5.971345820607827,4.633871508635879,6.087177712591765,-0.9847603325022103,1.9028833632428799
M/G/1 Weibull 0.5,0.95,medium,Random Forest,5.201629353818196,6.576870151163858,5.104181168639231,6.565407850225867,-1.909183509740986,-0.17458627399051796
M/G/1 Weibull 2.0,0.3,medium,Random Forest,0.15099656408774936,0.3327502487156003,0.15215973929672616,0.4665370184393457,0.7644434817994039,28.6765603662679
M/G/1 Weibull 2.0,0.5,medium,Random Forest,0.5012636580085964,0.7416836257011583,0.5186876682938253,1.0157543769378896,3.3592489951695836,26.981990672090394
M/G/1 Weibull 2.0,0.7,medium,Random Forest,1.1287148008376309,1.5503995643004946,1.2050033875455035,1.8752092670039424,6.330985248370668,17.321250935497055
M/G/1 Weibull 2.0,0.8,medium,Random Forest,1.5710253511078067,2.0720865584866694,1.6712934640344632,2.3635638510966586,5.999431882214845,12.332109939604463
M/G/1 Weibull 2.0,0.9,medium,Random Forest,2.181708141745692,2.8118917169364495,2.2241603912621657,2.966100780418798,1.9086865175394485,5.199050028926355
M/G/1 Weibull 2.0,0.95,medium,Random Forest,2.4507751290128033,3.105140464459026,2.4735513214240767,3.220164089567916,0.9207891590525263,3.571980244159678
M/M/1,0.3,medium,Random Forest,0.23172941147708515,0.45915879258767217,0.23168171661332354,0.6391004973249425,-0.020586373607200947,28.155463106419898
M/M/1,0.5,medium,Random Forest,0.7208972400574319,1.0580153702948365,0.7303115965740408,1.3781497745441205,1.289087638861608,23.22928974502656
M/M/1,0.7,medium,Random Forest,1.5158476971379624,2.071891672814239,1.5782463533824251,2.3944280367339075,3.95367023093276,13.470288476893245
M/M/1,0.8,medium,Random Forest,2.097064906706249,2.7472572852872448,2.1418975442870396,3.0197899073600083,2.0931270825894743,9.024886844231483
M/M/1,0.9,medium,Random Forest,2.734502465366835,3.490122695984963,2.764863572000327,3.66304935840025,1.0981050544756732,4.720838992210807
M/M/1,0.95,medium,Random Forest,3.174021707305998,4.016560370604227,3.172946634706558,4.089908361683881,-0.03388246709479237,1.7933895968626379
M/PH/1 Erlang-2,0.3,medium,Random Forest,0.17914282590292488,0.3831365696344304,0.1827070045739386,0.5365927225145481,1.950761920335331,28.5982545870173
M/PH/1 Erlang-2,0.5,medium,Random Forest,0.5777397918643735,0.8539997199822003,0.5971317066759652,1.1500845149511905,3.24751048969415,25.74461190633073
M/PH/1 Erlang-2,0.7,medium,Random Forest,1.2535626678141258,1.7183478812920732,1.3407683931171746,2.068226934500062,6.504160282321592,16.91685991375809
M/PH/1 Erlang-2,0.8,medium,Random Forest,1.7535006746184791,2.291040441521065,1.8257359409121854,2.576492858297059,3.9565013031191976,11.079107627127872
M/PH/1 Erlang-2,0.9,medium,Random Forest,2.375350599829339,3.051192549325445,2.4088002054656767,3.2136458302169517,1.3886417628344194,5.055108418109022
M/PH/1 Erlang-2,0.95,medium,Random Forest,2.6600305324667963,3.3729520275613645,2.6851800358391475,3.4911349237531395,0.9366039906702817,3.3852285509699764
PH/PH/1 E2/E2,0.3,medium,Random Forest,0.0759343298677474,0.2141634559593896,0.0748343738667354,0.3011534877341463,-1.4698539510343167,28.885613256304097
PH/PH/1 E2/E2,0.5,medium,Random Forest,0.33545121736507044,0.5500491256718556,0.3398824387416972,0.753560287237872,1.303751200865777,27.006619777161276
PH/PH/1 E2/E2,0.7,medium,Random Forest,0.8615043625350381,1.1658407279472067,0.8907501851645827,1.4464047881686206,3.2832799943949276,19.39734039297898
PH/PH/1 E2/E2,0.8,medium,Random Forest,1.2486458940874012,1.6530009581918343,1.3236392769515797,1.9249854636386086,5.665696400071529,14.12917191242935
PH/PH/1 E2/E2,0.9,medium,Random Forest,1.7890350137982918,2.296990243786877,1.8432126583546142,2.479359208748986,2.9393051480389287,7.355487834057229
PH/PH/1 E2/E2,0.95,medium,Random Forest,2.1745732100442146,2.747939682534571,2.177687647088278,2.842824396745091,0.1430157831967982,3.3376917096658687
